has_email,has_phone,has_address,has_category,has_reg_date,doc_count,filing_count,days_since_last_filing,late_filings,penalties_count,status_ok,is_flagged,years_registered,is_business,compliance_score
1,1,1,1,1,1,3,169,3,0,1,0,12,1,70.84
1,1,1,1,1,6,3,2,1,2,1,0,11,1,81.03
1,1,0,0,1,4,0,593,0,0,0,0,20,0,27.73
1,1,0,1,1,0,13,64,1,1,1,0,6,1,47.26
1,1,0,1,1,8,7,36,1,1,0,0,8,1,58.2
1,1,0,1,1,30,5,159,1,1,1,0,15,0,73.73
0,1,1,1,1,15,9,62,0,3,1,1,8,1,41.87
1,1,1,1,1,8,2,85,1,1,1,0,3,0,76.09
0,0,1,0,1,0,7,160,2,0,1,1,2,0,21.33
1,1,1,1,1,0,0,146,0,4,1,0,2,0,33.58
1,0,1,1,1,10,2,117,1,0,1,0,15,1,80.65
0,1,1,1,1,1,0,23,1,1,1,0,17,1,48.1
0,0,1,0,1,11,1,60,1,0,0,0,13,1,47.75
1,1,1,1,1,8,20,34,2,0,0,0,2,1,70.66
1,0,1,1,1,18,3,453,0,2,1,0,11,1,63.47
1,1,1,1,1,3,9,55,2,1,1,0,17,1,78.77
0,1,0,1,1,4,15,224,0,2,0,0,14,1,42.89
0,1,1,0,1,3,27,120,2,0,1,0,5,0,77.69
1,1,0,1,1,1,4,20,0,1,0,0,8,0,54.71
1,1,1,1,1,27,0,390,1,1,1,0,15,1,51.06
0,1,1,0,1,25,5,49,0,0,1,0,19,0,86.5
0,1,1,1,1,3,21,7,2,2,1,0,6,1,70.47
1,1,1,1,1,5,1,49,2,0,0,0,4,1,63.82
1,1,1,1,1,13,1,99,1,1,0,0,3,0,57.12
0,1,1,1,1,23,7,8,0,0,1,0,8,1,96.36
1,1,1,0,0,3,5,99,1,1,0,1,15,1,15.5
1,1,1,1,1,7,0,158,3,0,1,0,16,0,62.18
1,1,1,0,1,1,0,126,0,0,0,0,14,1,45.39
1,1,1,0,1,3,16,73,1,0,1,0,9,0,85.02
0,1,1,1,1,3,2,152,1,1,1,0,20,0,72.98
0,1,1,1,1,11,0,86,2,1,1,0,15,0,52.03
0,1,1,1,1,11,21,49,0,1,1,0,15,0,85.3
0,1,1,1,1,0,1,20,0,1,0,0,7,0,30.81
1,1,0,1,1,0,1,31,3,0,1,0,16,0,42.42
1,1,1,1,1,0,7,64,0,2,1,0,1,0,62.13
1,0,1,1,1,18,1,28,2,0,1,1,19,0,46.58
1,1,1,0,1,3,2,36,3,0,1,0,0,0,65.57
1,1,1,0,1,3,0,324,3,0,1,0,9,1,44.89
1,1,1,1,1,7,5,258,2,0,1,0,9,0,80.52
1,1,1,1,1,3,24,110,2,1,1,0,17,1,76.35
1,1,1,0,1,0,0,6,2,2,1,0,0,0,16.26
1,1,1,0,1,1,3,250,1,1,1,0,0,0,53.74
0,0,1,1,1,32,14,15,4,1,1,1,0,1,25.11
1,1,1,1,1,17,7,38,0,1,1,0,2,1,94.93
0,0,1,0,1,14,3,433,4,1,1,0,2,1,31.64
1,1,1,0,1,8,19,25,2,0,1,0,20,0,80.33
1,1,1,1,1,10,8,40,3,0,1,0,15,1,82.17
1,1,1,1,1,8,3,104,4,0,1,1,9,0,42.57
1,1,1,1,1,0,1,17,5,2,0,0,14,1,1.7
1,1,0,1,1,7,5,93,1,0,0,0,18,0,66.53
1,1,1,0,1,0,4,5,1,1,1,0,17,1,53.06
0,1,1,1,1,10,9,95,0,0,1,0,12,0,90.16
1,1,1,0,1,4,10,270,2,1,1,0,16,1,63.65
1,1,1,1,1,2,1,122,0,0,0,0,0,0,56.19
0,1,1,0,1,24,3,53,2,2,1,0,9,0,60.14
1,1,1,1,1,7,6,452,1,0,1,0,8,1,77.11
1,1,1,0,1,7,2,426,0,3,1,0,1,1,42.0
1,0,1,0,1,14,5,11,1,2,1,0,19,1,62.05
0,1,1,1,1,4,0,16,4,0,0,0,16,0,34.8
1,1,1,1,1,8,0,105,0,0,1,0,14,0,77.88
0,1,1,0,1,14,1,79,0,0,1,0,20,1,78.33
1,0,1,1,1,14,1,70,1,1,1,1,3,0,45.32
0,1,1,0,1,12,3,147,0,0,0,0,17,0,69.9
1,1,1,1,1,2,17,53,1,0,1,1,4,0,47.71
0,1,1,1,1,3,1,8,3,0,0,0,13,0,49.6
0,1,1,1,1,3,4,1,0,2,1,0,16,0,77.2
1,0,1,1,1,1,3,78,2,2,1,0,20,1,55.84
1,0,1,1,1,11,3,551,0,0,1,0,20,1,78.13
1,1,1,1,1,4,12,182,1,1,1,0,11,0,79.07
1,1,1,0,1,12,13,124,4,0,0,0,19,1,43.92
1,0,1,1,1,9,9,177,4,1,1,0,8,1,67.66
1,1,1,1,1,2,17,85,1,2,1,0,18,1,64.68
1,1,1,1,1,0,4,50,2,0,1,0,8,1,63.97
1,1,1,0,1,3,1,25,3,0,0,0,10,1,43.61
1,1,1,1,1,17,0,176,1,3,1,0,11,1,47.9
1,1,1,1,1,10,2,34,2,0,1,0,10,0,79.97
1,1,1,1,1,6,4,18,0,0,1,0,12,1,100.0
1,0,1,1,1,4,28,105,0,0,1,0,6,0,99.07
1,1,1,0,1,3,0,15,1,2,0,1,1,1,0.0
1,1,1,1,1,9,1,266,4,0,1,0,10,1,55.78
1,1,1,0,1,11,15,52,2,1,1,0,18,0,69.09
1,1,1,0,1,24,0,161,1,0,0,0,15,0,43.99
1,1,1,1,1,19,1,0,0,2,1,0,19,1,75.67
1,1,1,1,1,1,13,228,2,1,0,0,8,0,41.21
1,1,1,1,0,5,2,70,1,3,1,0,2,1,53.42
1,1,1,0,1,4,1,41,3,1,1,0,15,1,56.16
1,1,1,0,1,0,5,53,1,0,1,0,14,1,65.57
0,1,1,1,1,5,1,230,1,1,1,0,6,1,62.58
1,1,1,0,1,0,7,6,1,3,1,1,14,0,7.85
0,1,1,0,1,1,0,246,1,4,1,0,5,0,12.27
1,1,1,0,1,7,0,177,3,0,1,0,17,0,55.54
1,1,1,0,1,2,0,232,1,1,0,0,0,1,14.59
1,1,1,1,1,2,5,54,4,0,0,0,14,0,44.02
0,1,1,1,1,3,0,74,3,1,0,0,12,1,29.14
1,1,1,1,1,12,5,218,2,1,1,0,13,0,69.52
1,0,0,0,1,14,0,281,3,2,1,0,0,0,14.09
0,0,1,1,1,16,9,165,2,0,1,0,7,0,79.94
1,1,1,1,1,3,1,16,1,0,0,0,4,1,70.11
1,1,0,1,1,8,3,109,0,0,1,0,15,0,86.81
1,1,0,1,1,5,0,12,2,1,1,0,1,0,56.33
1,1,0,1,1,4,5,40,2,1,1,0,3,1,71.96
1,1,1,1,1,11,4,792,1,2,1,0,10,1,65.39
1,1,1,0,1,0,2,60,1,0,1,0,4,0,47.7
1,1,1,0,1,2,14,0,2,1,1,0,8,1,59.46
1,1,1,0,1,0,6,200,0,0,1,0,11,1,55.41
1,1,1,1,1,3,6,89,0,0,1,0,18,1,97.62
1,1,1,0,0,5,2,85,0,1,1,0,12,0,64.17
1,1,1,1,1,14,1,375,1,2,1,0,3,1,48.15
1,1,1,1,1,2,5,355,2,0,1,0,1,0,69.84
1,1,1,0,1,1,1,253,0,0,1,1,18,0,34.27
1,1,1,1,1,7,5,230,1,1,1,0,0,0,82.93
1,1,1,1,1,1,0,76,0,0,1,0,11,1,67.25
1,1,1,0,1,2,0,672,3,0,1,0,0,1,29.57
0,1,1,1,1,7,5,89,1,0,0,0,2,1,61.63
1,1,1,1,1,2,2,59,0,0,1,0,15,1,78.06
1,1,1,1,1,13,1,500,0,2,1,0,7,1,57.76
1,0,0,1,1,50,0,153,2,1,1,0,10,1,45.68
1,1,1,1,1,6,5,332,0,0,1,0,1,0,96.75
1,1,0,1,1,3,10,74,2,0,0,0,10,0,60.08
1,1,1,1,1,11,12,24,1,0,0,0,8,0,74.38
1,1,1,1,1,7,18,285,1,0,1,0,0,1,83.51
1,1,1,0,1,13,4,28,1,1,1,0,16,0,74.36
1,1,1,1,1,11,7,4,1,0,0,0,9,1,72.27
1,0,1,1,1,12,3,252,0,2,0,1,19,1,23.27
1,1,1,1,1,15,10,132,1,1,1,0,0,1,83.71
0,1,1,1,1,25,9,38,1,0,0,0,13,0,63.59
1,1,1,1,1,8,4,104,1,1,1,0,3,1,94.35
1,1,1,0,1,0,3,47,0,0,1,0,3,0,60.17
1,1,1,1,1,18,1,21,0,0,1,1,9,1,60.19
1,1,0,0,1,22,18,8,3,0,0,0,8,1,46.28
0,1,1,1,1,5,0,132,4,2,1,0,2,0,35.26
1,1,1,1,1,7,20,174,2,1,0,0,10,0,59.53
1,1,1,1,1,0,11,188,0,0,1,0,12,0,68.63
0,1,1,1,1,39,1,128,1,1,0,0,14,0,56.1
1,1,0,1,0,3,26,326,2,1,1,0,0,1,54.06
1,0,1,1,1,0,0,81,1,0,0,0,10,0,29.03
1,1,1,0,1,4,0,13,3,2,0,0,4,1,17.02
1,1,1,1,1,29,2,82,4,0,1,0,0,1,66.75
1,1,1,1,1,15,2,11,1,0,1,0,3,0,90.53
1,1,1,1,1,6,4,235,3,1,0,0,18,1,47.21
1,1,1,0,1,21,2,252,2,0,1,0,1,0,64.89
0,1,0,1,0,13,3,13,3,0,1,1,7,0,31.92
0,1,1,1,1,0,1,147,0,2,1,1,16,0,17.96
1,1,1,1,1,14,4,32,0,1,1,0,12,0,91.83
1,1,1,1,1,2,1,232,1,3,1,0,20,1,42.65
0,0,1,1,1,6,10,104,0,1,0,0,1,0,63.33
1,0,0,1,1,2,0,0,4,0,1,0,0,0,31.17
1,1,1,1,1,3,22,57,2,0,1,0,6,1,91.28
0,1,1,1,1,2,4,38,1,0,1,0,14,0,79.56
1,1,1,1,1,0,2,39,2,1,1,0,15,1,40.04
1,1,1,1,1,9,1,77,1,0,1,0,7,0,85.98
0,1,1,1,1,6,6,18,2,1,1,0,8,1,71.04
1,1,1,1,0,6,12,33,0,1,1,0,17,1,79.6
1,1,1,1,1,0,19,47,3,1,1,0,18,0,48.51
1,1,1,1,1,9,1,26,1,0,1,0,19,1,85.9
1,1,1,1,1,15,2,170,1,1,1,0,13,1,76.37
0,0,1,0,1,0,3,91,2,1,1,0,17,0,35.87
0,1,1,0,1,20,3,569,2,1,1,0,6,0,49.24
1,1,0,1,1,10,16,33,0,0,1,0,5,1,94.81
1,0,1,1,1,4,2,11,0,0,1,1,8,0,60.81
1,1,1,1,1,10,23,101,1,0,1,0,5,0,94.3
0,1,1,0,1,0,3,115,0,1,1,0,6,0,51.61
1,1,1,1,1,14,1,56,0,0,1,0,5,1,94.13
1,0,1,0,1,0,1,200,2,0,1,0,17,1,33.33
1,1,1,1,1,3,3,211,2,0,1,0,6,1,80.98
1,1,1,1,1,1,7,177,3,0,1,0,12,1,66.25
1,0,1,1,1,0,8,91,2,1,0,0,12,1,23.75
1,1,1,1,1,2,0,286,2,0,1,0,2,0,53.09
1,1,1,1,1,1,1,66,4,0,0,0,7,1,36.92
0,0,1,1,1,0,8,74,1,0,1,1,10,0,23.87
1,1,1,1,1,10,0,21,3,0,1,0,2,0,62.59
0,1,0,1,1,3,9,165,1,2,1,0,11,0,62.06
1,1,1,1,1,1,4,19,0,0,1,0,9,1,92.86
1,0,1,1,1,12,2,75,1,1,1,0,1,1,77.71
0,1,1,1,1,3,4,90,1,0,1,0,7,0,90.55
1,1,1,1,0,2,1,103,0,1,1,0,1,1,59.82
0,1,1,1,1,7,9,2,1,0,1,0,16,0,86.07
0,1,0,0,1,14,0,97,2,2,1,0,20,1,32.16
1,1,1,1,1,2,1,151,0,0,1,0,12,0,78.27
0,0,1,1,1,1,5,132,2,1,1,0,5,0,58.37
1,1,1,1,1,4,0,388,0,1,1,0,1,1,55.12
1,1,1,1,1,11,12,5,1,2,1,0,11,0,83.44
1,1,1,1,0,0,2,63,1,0,1,0,18,1,50.78
1,1,0,0,1,2,7,87,0,2,0,0,4,1,35.86
1,0,1,0,1,0,11,32,4,1,0,0,11,0,10.46
1,1,1,0,1,13,9,11,0,1,1,0,14,1,82.4
1,1,1,0,1,7,1,29,6,1,1,0,7,0,39.78
1,0,0,0,1,11,4,391,0,0,0,0,16,1,43.5
1,1,1,0,1,1,0,199,2,0,1,0,13,0,39.24
0,1,1,0,1,5,7,36,2,2,1,1,3,1,21.21
1,1,1,1,1,7,2,260,0,1,1,0,3,1,76.25
1,1,1,1,1,6,2,3,4,0,1,1,6,0,41.2
1,1,1,1,1,4,2,65,4,0,1,1,9,0,42.74
1,1,0,1,0,12,1,329,1,0,1,1,1,1,28.43
0,1,1,1,1,23,12,6,1,0,0,0,12,1,68.9
0,1,0,0,1,3,8,12,2,2,1,0,10,0,49.7
1,1,1,1,1,15,3,98,3,1,0,0,16,1,54.5
1,1,1,1,1,12,25,181,2,0,1,0,17,1,81.48
1,1,1,1,1,1,0,55,0,0,1,0,1,1,66.09
1,1,0,1,1,21,7,72,0,4,1,0,12,1,70.57
1,1,1,1,1,3,9,42,2,0,1,0,19,1,86.34
1,1,1,0,1,1,9,103,1,1,1,0,4,0,65.9
0,0,1,1,1,29,1,23,0,1,1,0,7,0,75.63
0,1,1,1,1,4,7,552,1,0,1,0,3,1,77.25
1,1,1,0,1,6,31,31,1,1,1,0,19,1,74.45
1,1,1,1,1,0,10,40,2,2,1,0,13,1,47.67
0,0,1,1,1,6,11,19,2,3,1,0,4,0,55.22
1,1,1,1,1,0,10,1,4,0,1,0,4,1,53.15
1,1,1,1,1,14,9,61,2,1,1,0,9,1,83.62
1,1,1,1,1,11,0,132,0,2,1,0,12,0,61.55
0,1,1,1,1,8,10,48,0,0,0,0,1,1,75.57
1,0,1,0,1,0,8,6,1,1,1,0,20,1,46.14
1,1,1,1,1,3,6,37,1,1,0,0,19,0,65.71
0,1,1,0,1,15,6,108,2,2,1,0,2,1,57.84
1,1,1,1,0,1,7,110,1,0,0,0,12,1,46.57
1,1,1,0,1,0,0,321,1,4,1,1,6,0,0.0
1,0,1,0,0,15,13,21,1,0,1,0,0,0,68.61
1,1,1,1,1,5,4,449,3,1,1,0,14,0,52.89
1,1,1,0,1,15,2,18,1,2,1,0,3,0,60.73
1,0,1,1,1,4,4,315,1,1,0,0,15,1,51.31
0,1,0,0,1,5,10,92,2,1,1,0,8,1,59.69
1,1,1,1,1,10,5,31,1,0,1,0,17,0,93.38
0,1,1,1,1,3,5,71,2,2,1,0,18,1,68.03
1,1,1,0,1,0,11,82,4,0,0,0,4,1,22.37
0,1,1,0,1,1,1,51,3,0,1,0,12,1,48.12
1,0,1,1,1,9,3,19,1,1,1,0,5,0,78.73
1,1,1,1,1,0,5,177,1,1,1,0,19,1,60.17
1,1,1,0,1,15,9,362,0,0,1,0,17,0,81.92
1,1,1,1,1,2,5,224,2,3,1,0,2,1,41.1
1,1,1,1,1,19,7,69,2,1,1,0,17,0,79.86
1,1,1,1,0,7,1,181,2,0,0,0,20,1,39.37
1,1,1,1,1,6,3,82,1,0,0,0,4,0,74.11
1,1,1,1,1,9,0,123,1,1,1,0,11,0,64.29
1,0,1,1,1,3,5,138,0,0,1,0,3,0,96.72
1,1,1,1,1,1,4,74,2,1,1,0,19,0,73.44
1,1,1,1,1,2,2,241,3,1,0,0,18,1,27.07
1,1,0,1,1,6,2,545,3,1,1,1,10,0,11.89
1,1,1,0,1,3,5,139,0,0,1,0,16,0,90.61
1,1,0,1,1,25,17,98,0,1,1,0,15,1,85.57
1,1,0,1,1,16,13,208,2,1,1,0,15,1,62.28
0,1,1,1,1,12,0,54,3,1,1,0,9,1,52.27
1,1,1,1,1,17,10,77,3,0,0,0,7,1,61.67
1,1,0,1,1,1,11,194,1,2,1,0,2,0,49.68
1,1,1,1,1,7,3,7,3,2,1,0,15,0,71.34
1,1,1,1,1,4,13,328,3,2,1,1,13,0,28.97
1,1,1,1,1,6,1,238,1,1,1,0,16,0,69.13
1,1,1,1,1,26,9,45,1,1,1,0,5,1,87.12
1,1,1,0,1,33,0,323,1,0,1,0,4,1,55.74
1,1,1,0,1,1,12,257,1,1,0,0,10,0,36.23
0,1,0,0,1,6,1,12,2,0,1,0,16,1,53.15
1,1,1,0,1,9,16,66,2,0,0,0,9,1,57.04
0,0,1,1,1,1,2,28,4,0,0,0,5,1,32.23
1,0,1,1,1,7,12,124,1,2,1,0,1,0,72.61
0,0,1,1,1,10,3,2,2,0,1,0,16,1,74.9
1,1,1,1,1,2,21,99,0,2,1,0,4,1,72.42
1,1,1,1,1,8,3,275,2,1,1,0,12,0,73.36
1,1,1,1,1,4,1,70,0,0,1,0,18,1,95.32
1,1,1,1,1,6,5,114,0,2,1,0,3,1,80.88
1,1,1,1,1,6,1,21,3,3,1,0,7,1,57.21
1,1,1,1,1,1,7,74,2,2,1,0,5,1,59.83
1,1,1,1,1,13,8,113,0,1,1,0,14,1,89.69
1,1,0,1,1,1,2,131,2,1,1,0,15,1,52.89
1,1,1,0,1,23,4,16,5,0,1,0,3,0,63.14
1,1,1,0,1,0,0,171,3,0,1,0,14,1,28.71
1,1,1,0,1,9,2,86,1,0,1,0,12,1,72.17
1,1,1,1,0,0,22,32,2,0,1,0,18,1,48.07
1,0,0,1,1,1,7,274,1,0,0,0,4,1,45.93
0,1,1,1,1,0,1,38,2,1,0,0,1,1,25.03
0,0,1,1,1,7,0,410,1,0,1,0,4,1,44.83
0,1,1,1,1,4,8,18,2,2,1,0,2,0,62.06
1,0,1,0,1,0,0,50,1,0,1,0,14,1,33.24
0,1,1,0,1,4,2,92,1,1,1,0,9,1,64.18
0,1,1,0,1,12,6,117,0,1,1,0,0,1,74.03
1,0,1,1,0,13,1,225,2,1,0,0,12,1,25.69
0,1,1,1,1,8,5,16,1,0,1,0,0,1,90.65
1,1,1,0,1,6,4,58,0,1,0,0,0,0,59.09
0,1,1,0,1,0,0,114,0,1,1,0,8,0,31.94
1,0,1,1,1,15,0,31,2,2,1,0,20,1,48.66
0,1,1,0,1,7,0,144,2,0,0,0,1,0,28.79
1,1,1,1,1,8,2,268,3,1,1,0,14,1,63.25
1,1,1,1,1,2,11,17,3,1,0,0,0,0,38.44
1,1,1,1,0,0,14,188,2,0,1,0,12,0,45.93
1,1,1,0,0,0,7,54,0,1,1,0,3,1,42.39
1,1,1,0,1,2,3,31,2,1,1,0,9,0,58.8
1,1,1,1,1,9,0,99,2,3,1,0,16,1,44.91
1,1,1,1,1,6,2,999,1,0,0,0,19,0,49.4
1,1,1,1,1,4,10,9,0,1,1,0,4,1,88.7
1,0,1,1,1,2,2,106,1,1,0,0,1,0,38.87
1,1,1,0,1,2,1,175,1,2,1,0,18,1,42.02
1,1,1,0,1,47,0,184,1,2,1,0,16,0,41.12
1,1,1,1,1,12,4,81,2,2,1,0,14,1,69.03
1,1,1,1,1,4,2,12,1,1,1,0,1,1,79.89
1,1,1,1,1,1,7,86,2,1,1,0,18,1,64.72
1,1,0,1,1,1,3,531,4,1,1,0,14,0,32.05
1,1,1,0,1,14,6,129,1,3,1,0,8,0,56.79
1,1,1,1,1,9,8,101,1,2,1,0,18,0,75.33
0,0,1,1,1,6,5,400,1,1,0,0,2,1,40.98
1,1,1,0,1,4,12,52,2,1,1,1,18,1,42.52
1,1,1,1,1,0,4,65,4,1,1,0,5,1,42.48
1,0,1,0,1,0,1,265,0,1,1,0,5,1,33.73
1,1,1,1,1,22,6,226,3,2,1,0,1,1,62.17
1,0,1,0,1,0,3,81,0,1,1,0,15,0,53.67
1,1,1,1,1,0,16,104,0,0,0,0,20,0,56.52
1,0,1,1,1,14,2,94,1,1,1,1,13,0,43.16
1,1,0,0,1,0,0,477,0,1,1,0,20,0,18.59
1,0,1,1,1,2,4,91,0,0,1,0,13,0,86.66
1,1,1,1,1,6,3,117,2,1,1,0,6,1,78.31
0,1,1,0,1,34,6,21,0,0,0,0,13,0,63.77
1,1,1,1,1,0,1,97,0,1,1,0,0,1,59.48
1,1,1,1,1,7,3,126,2,1,0,0,8,0,60.01
1,1,0,1,1,19,8,177,1,1,1,0,17,1,76.48
1,0,1,1,0,4,10,18,3,0,1,0,13,1,63.49
1,1,1,1,1,7,17,94,1,0,1,0,7,1,96.59
1,1,1,1,1,6,7,241,0,1,1,0,10,1,81.61
0,0,1,1,1,14,9,628,0,0,1,1,1,0,44.95
0,0,1,0,1,6,8,197,0,1,1,0,13,1,65.74
1,0,1,1,1,3,0,3,1,1,1,0,4,0,64.5
1,1,0,1,1,9,1,280,1,0,0,0,13,1,47.41
0,1,1,0,1,2,3,54,5,1,0,0,0,1,17.03
1,1,1,0,1,13,0,16,0,1,0,0,12,1,40.54
1,1,1,1,1,0,3,48,4,0,1,0,1,0,47.43
1,1,1,0,1,1,8,72,3,0,0,0,15,0,40.19
0,1,0,0,1,2,24,11,1,0,0,0,8,1,36.59
1,1,0,1,1,0,3,87,1,2,1,0,17,0,48.9
1,1,1,1,1,12,0,194,0,0,1,1,13,1,45.56
1,1,1,0,1,1,1,34,1,0,1,0,10,0,66.16
1,1,1,1,0,6,21,121,2,1,1,0,16,0,69.03
0,1,1,0,1,2,9,469,3,0,1,0,13,0,39.25
1,1,1,1,1,14,0,18,3,1,1,1,14,0,26.24
1,1,1,1,1,10,24,71,1,0,0,0,6,0,75.78
1,1,1,1,0,16,4,57,1,0,1,0,15,0,78.79
0,1,1,0,1,26,10,35,2,0,1,0,12,1,67.16
1,1,1,1,1,7,1,225,0,2,0,0,20,1,48.91
1,1,1,1,1,18,11,50,2,1,1,0,11,0,80.8
1,1,1,1,1,0,5,29,4,3,1,0,0,1,26.72
1,1,1,1,1,1,4,387,2,1,1,0,17,1,52.74
1,1,1,1,1,1,13,140,3,0,1,1,10,1,45.43
1,1,1,1,1,2,1,199,3,1,0,1,17,1,0.0
1,1,1,1,1,8,5,21,1,1,1,0,3,0,89.86
0,1,1,0,1,1,12,28,0,1,1,0,1,1,63.73
1,1,1,0,1,1,1,0,1,0,1,0,14,0,64.83
0,1,1,1,1,6,9,78,0,1,1,0,2,1,91.36
0,1,0,0,1,18,2,46,1,1,1,1,18,1,22.34
0,1,1,1,1,8,1,44,3,0,0,0,3,0,47.69
0,1,0,1,1,1,2,202,3,0,0,1,18,0,0.0
1,1,1,0,1,18,2,37,1,1,1,1,12,1,41.79
1,0,0,1,1,2,1,197,1,1,1,0,19,1,51.18
1,1,1,0,1,3,4,25,2,1,1,0,17,0,73.63
1,1,1,0,1,12,4,93,0,0,1,0,20,1,93.35
1,1,1,1,1,3,2,107,3,0,1,0,2,1,72.05
1,0,1,0,1,1,12,173,1,0,1,0,20,1,68.44
1,1,1,1,1,15,8,471,4,2,1,1,2,1,10.9
1,1,1,0,1,2,0,165,2,1,1,0,5,1,36.53
0,1,1,1,1,7,5,337,1,0,1,0,4,1,77.64
1,1,0,0,1,43,12,153,2,0,1,1,3,1,43.1
1,1,1,1,1,12,0,223,1,1,1,0,11,1,57.42
0,1,1,0,1,1,7,50,1,0,1,0,5,0,66.92
0,1,1,0,1,6,2,153,3,1,0,0,2,1,36.32
1,1,1,0,1,4,0,607,3,0,1,1,17,1,4.07
1,1,1,0,1,6,7,356,2,0,1,0,0,1,67.32
1,1,1,1,1,1,0,254,3,1,1,0,14,0,34.3
1,1,0,0,1,3,0,377,1,1,1,0,20,0,29.61
1,1,1,1,1,13,0,100,4,0,1,0,18,0,58.65
1,1,1,1,1,0,10,11,2,0,1,0,4,1,60.24
1,1,1,0,1,11,0,48,3,0,1,0,19,0,49.8
1,0,1,0,1,12,2,35,3,2,0,0,10,1,20.57
0,1,1,1,1,0,3,25,2,1,1,1,8,1,21.31
1,1,1,1,1,2,15,191,1,1,1,0,12,1,68.71
1,1,0,1,1,9,3,71,0,1,1,0,12,0,82.06
1,1,0,0,1,18,2,5,1,0,1,0,0,1,67.82
1,1,0,0,1,12,17,11,0,0,0,0,10,1,62.37
1,1,1,1,1,8,3,116,0,3,0,0,8,1,60.87
0,1,0,0,1,4,2,189,3,0,1,0,1,0,45.65
1,1,1,0,1,3,11,319,2,2,0,0,20,1,33.77
1,1,1,1,1,0,10,12,2,1,1,0,4,1,56.09
1,1,1,1,1,0,1,166,2,2,1,0,12,0,43.11
1,1,1,1,1,18,0,38,2,2,1,0,6,0,50.36
1,1,1,0,1,7,14,373,2,0,0,0,19,1,41.45
0,1,1,1,1,9,2,5,1,2,1,0,13,1,64.76
1,1,1,1,1,19,10,7,3,1,1,0,15,0,75.36
1,1,1,1,1,1,13,29,0,0,1,0,9,1,91.56
1,1,1,0,1,3,11,20,2,1,1,0,20,0,77.77
0,1,1,1,1,3,2,73,4,1,1,0,20,0,48.63
1,1,1,1,1,15,0,160,2,0,1,0,13,1,66.18
0,1,1,1,1,4,1,1,2,0,0,0,12,0,53.82
1,0,1,1,1,25,15,73,2,1,0,1,17,1,22.23
1,1,1,0,1,10,8,44,4,1,1,0,7,0,56.61
1,1,0,1,1,3,1,35,0,1,0,0,19,0,56.6
1,0,1,1,1,11,0,25,2,1,1,0,20,1,52.0
1,1,1,1,1,5,14,153,0,0,1,0,13,0,97.97
0,1,1,1,1,10,12,100,5,0,1,1,5,1,35.82
0,1,0,0,1,3,1,91,1,0,0,0,6,0,44.95
1,1,1,1,1,1,4,48,2,0,0,0,3,1,54.39
0,1,1,0,1,1,2,16,2,1,0,1,4,1,0.0
0,1,1,1,1,1,0,166,3,2,1,0,13,1,27.39
1,1,1,1,1,10,7,16,1,1,1,1,8,1,58.42
1,1,1,1,1,15,0,250,0,0,1,0,1,1,71.94
1,1,1,1,1,4,0,498,1,0,1,0,19,0,58.09
1,1,1,1,1,6,0,8,1,0,1,0,19,0,76.85
1,1,1,0,1,16,0,347,1,0,1,1,6,0,31.13
1,1,1,1,1,0,2,21,1,0,1,0,6,1,61.21
1,0,0,1,1,27,3,419,0,2,1,1,1,0,29.49
1,1,0,1,1,3,2,40,0,3,0,0,20,0,41.96
1,1,1,1,1,10,5,50,1,0,1,0,5,1,100.0
0,1,1,1,1,2,0,29,3,1,1,0,10,1,41.92
1,1,1,0,1,5,13,4,1,0,1,1,19,1,56.23
1,1,1,0,1,2,10,10,1,2,1,0,8,0,56.13
1,1,1,1,1,2,3,380,1,0,0,0,11,1,52.09
1,1,1,1,1,2,0,215,1,0,0,0,12,0,32.71
1,1,1,1,1,9,6,83,2,0,0,0,8,1,65.92
1,1,1,0,1,4,4,566,1,0,1,0,19,1,68.39
1,1,1,1,1,1,2,2,0,0,1,0,10,1,80.02
1,1,1,0,1,11,5,46,0,0,0,0,12,0,73.25
1,0,1,0,1,2,1,180,2,1,1,0,5,0,43.27
1,1,1,1,1,7,1,273,0,1,0,0,9,1,56.31
1,1,1,1,1,8,3,13,4,0,0,1,0,1,19.51
1,0,1,1,1,1,0,55,1,0,1,0,17,0,57.8
0,1,1,1,1,4,14,191,1,3,1,0,20,1,58.53
1,0,1,1,1,21,6,141,1,0,1,0,4,0,89.43
1,1,1,1,1,1,3,14,1,0,0,0,1,1,60.16
1,1,1,1,1,0,16,47,1,0,1,1,1,0,43.56
0,1,1,0,1,3,6,348,0,0,1,0,9,0,75.53
1,1,1,0,1,13,7,81,3,0,1,0,3,0,71.7
1,1,1,1,1,10,5,24,5,1,1,0,7,0,62.06
1,1,1,1,1,1,1,22,1,0,1,0,14,0,68.91
1,1,1,0,1,15,7,211,2,0,0,0,11,0,48.06
1,1,1,1,1,0,0,448,1,2,1,0,19,1,16.06
1,1,1,1,1,0,0,15,1,0,1,0,17,0,54.33
1,1,1,0,1,15,6,221,4,1,1,0,8,1,52.38
1,1,1,1,1,1,23,399,1,2,0,1,4,1,0.0
1,1,1,1,1,46,2,557,0,0,0,0,20,1,54.11
0,1,1,1,1,7,29,28,0,1,1,1,7,1,55.71
1,1,1,0,1,0,0,60,1,0,0,0,7,0,22.33
1,1,1,1,1,6,0,263,1,0,1,0,5,0,62.45
0,1,1,0,1,5,2,7,3,1,1,0,1,0,52.64
1,0,1,1,1,0,22,37,1,0,1,0,10,0,64.02
1,1,1,1,1,33,5,71,1,0,1,0,1,1,93.22
0,0,1,1,1,0,5,126,2,1,1,0,2,0,49.8
0,1,1,1,1,7,3,100,4,1,1,0,16,1,58.29
0,1,1,0,1,33,1,69,1,1,1,0,14,1,59.62
1,1,1,1,1,3,11,329,3,0,0,0,9,0,50.22
1,1,1,1,0,5,7,103,2,1,1,0,4,0,67.4
0,0,1,1,1,3,29,99,2,0,1,1,15,0,51.3
0,0,1,1,1,6,8,82,1,0,1,0,14,1,89.88
1,0,1,1,1,9,0,234,0,1,1,0,11,0,59.76
1,1,1,1,1,4,1,74,2,1,1,0,18,1,73.4
0,1,1,0,1,7,7,23,1,2,1,0,5,1,64.13
1,1,1,0,1,2,4,227,3,0,0,0,19,0,31.91
1,1,1,1,1,2,13,308,0,1,1,0,8,1,65.59
1,1,1,1,1,2,5,215,3,2,0,0,18,1,35.41
1,1,1,1,1,9,6,98,1,0,1,0,10,1,93.42
0,1,1,0,1,13,6,256,2,1,1,1,3,0,30.4
0,0,1,1,1,9,0,78,3,1,1,0,16,0,46.86
1,1,1,1,1,1,9,4,0,0,1,0,18,0,91.3
1,1,1,1,1,13,0,160,2,0,1,0,3,0,66.39
1,1,1,1,1,3,2,49,0,3,1,0,0,1,70.57
1,1,1,1,1,2,2,42,5,0,1,0,12,0,47.54
0,1,1,0,1,17,1,62,1,0,0,0,1,1,50.93
0,1,1,1,1,0,1,71,1,2,1,0,12,1,40.09
1,0,1,1,1,3,7,18,1,1,0,0,18,1,62.83
0,1,0,1,1,17,0,36,1,0,0,0,10,0,36.18
1,1,1,1,1,13,5,39,1,2,1,0,10,1,75.71
1,1,1,0,1,7,1,17,2,0,1,0,3,0,70.24
1,1,1,1,1,0,7,133,1,1,1,0,0,0,61.07
1,1,1,1,1,2,8,22,2,1,1,0,2,1,68.63
0,1,1,1,1,1,0,37,1,2,0,0,1,0,19.53
1,0,1,1,1,59,8,11,1,1,1,1,4,0,45.5
1,0,1,1,1,2,12,74,0,1,0,0,15,1,54.92
1,1,1,0,1,7,11,311,2,1,1,0,17,0,64.87
1,1,1,1,1,5,16,23,0,1,1,0,18,1,88.9
1,1,1,1,1,10,0,34,1,0,1,0,18,1,73.18
0,1,1,0,0,6,20,5,2,2,1,1,17,0,14.67
1,1,1,1,1,4,0,208,3,1,1,0,20,1,50.71
1,1,1,1,1,3,5,159,1,0,0,0,3,0,70.02
0,1,1,1,1,4,1,53,6,0,1,0,12,0,58.85
1,1,1,1,1,25,14,161,0,0,1,0,6,0,100.0
1,1,1,1,1,14,4,109,2,1,0,0,14,0,55.79
0,1,1,1,1,3,5,249,0,1,1,0,15,0,74.75
1,1,1,1,1,16,8,64,2,1,1,0,15,1,79.18
1,1,1,0,1,17,2,10,2,0,0,0,20,0,51.1
1,1,1,0,1,16,15,63,2,1,1,0,10,1,67.3
1,1,1,1,1,1,3,210,2,0,1,0,5,0,69.92
1,1,1,1,1,6,0,27,0,1,1,0,1,0,67.42
1,1,1,1,1,8,1,19,0,0,0,0,2,0,68.6
1,1,1,1,1,16,4,92,1,0,0,0,0,0,81.24
1,1,1,1,1,35,8,217,0,1,1,0,12,0,86.35
1,1,1,1,1,14,4,179,2,2,0,0,9,1,51.29
1,1,1,1,1,1,6,14,1,0,1,1,4,0,52.58
0,0,1,0,1,2,1,431,2,0,1,0,16,1,33.49
1,1,1,0,1,4,10,62,1,3,1,1,8,1,30.15
1,1,1,0,1,0,1,67,1,0,1,0,5,1,48.77
0,1,1,0,1,6,1,12,2,0,1,0,5,0,62.61
1,1,1,0,1,9,15,221,6,0,1,0,18,1,50.01
0,1,1,1,1,11,16,234,0,2,1,0,6,1,69.21
1,1,1,1,1,13,3,164,0,2,1,0,20,1,80.49
1,1,1,0,1,2,4,402,2,1,1,1,6,0,15.55
1,1,1,1,1,8,11,157,1,0,1,0,14,1,90.73
1,0,1,1,1,22,0,366,2,1,1,0,20,0,39.53
1,1,1,0,1,21,4,232,0,0,0,0,2,1,61.46
1,1,1,1,1,0,21,65,2,0,0,0,17,1,47.12
1,1,1,0,1,10,7,56,1,0,1,0,17,0,85.34
0,1,1,0,1,1,5,107,2,4,0,0,10,0,17.11
1,1,1,1,1,17,5,112,1,1,1,0,4,1,86.49
1,1,1,0,1,7,3,99,0,4,1,0,9,1,65.12
1,1,1,1,1,2,18,25,2,1,1,0,9,0,70.16
1,1,1,1,1,4,5,198,1,1,1,0,18,1,74.12
1,1,1,0,1,13,12,47,1,0,1,0,1,0,85.86
0,1,1,1,1,0,10,23,1,0,1,0,16,0,63.38
1,1,1,1,1,13,2,43,2,0,0,0,19,1,58.69
1,1,1,0,1,33,1,19,2,0,0,0,0,0,49.8
1,1,1,1,1,7,12,108,3,1,1,0,11,0,78.26
0,1,1,1,1,8,13,41,3,1,1,0,15,1,67.2
1,1,1,0,1,13,0,119,1,1,1,0,3,0,56.04
1,1,1,1,1,22,2,38,0,0,1,0,12,1,89.14
1,1,0,0,1,0,14,113,0,0,1,0,10,1,55.78
1,1,1,0,0,2,16,125,3,1,1,0,8,1,44.06
1,1,1,1,1,7,5,47,1,3,1,0,7,1,69.62
1,1,0,0,1,3,0,145,1,1,0,0,0,1,32.53
1,1,1,1,1,10,3,307,2,0,1,0,14,1,72.19
1,1,1,1,1,6,7,46,3,2,1,0,9,0,66.6
1,0,1,0,1,5,4,114,2,0,1,0,1,1,75.07
1,1,1,1,1,2,1,54,0,1,1,0,9,0,64.32
1,1,1,0,1,4,2,42,1,0,0,0,6,0,59.65
1,1,0,0,1,0,1,90,2,0,1,0,2,1,39.46
1,1,1,1,1,0,3,91,2,0,1,1,2,0,37.38
0,1,1,1,1,1,6,45,1,1,1,0,13,0,63.84
1,1,1,1,1,5,0,99,0,2,1,0,15,0,59.23
1,1,0,1,1,21,5,60,2,1,0,1,7,0,24.38
1,1,1,1,1,4,21,50,3,1,1,0,0,1,74.69
0,1,1,1,1,6,1,321,2,1,1,0,2,1,60.49
1,1,1,0,1,2,16,179,1,3,1,0,19,1,49.9
1,1,1,1,1,17,2,148,1,0,1,0,16,1,86.26
1,0,1,1,1,10,5,272,2,0,0,0,4,0,50.45
1,1,1,1,1,0,2,104,4,1,1,1,10,1,3.93
1,1,1,1,1,5,2,88,1,1,1,0,20,0,75.01
1,1,1,1,1,6,5,510,1,0,0,0,10,1,58.16
1,0,1,1,1,14,5,224,2,1,0,0,18,0,50.33
1,1,1,1,1,13,2,118,2,1,1,0,17,1,77.8
1,1,1,1,1,1,6,2,1,0,1,0,7,1,85.75
0,1,1,0,1,5,0,241,2,0,1,0,13,0,40.45
0,1,1,1,1,10,0,47,2,1,0,0,14,0,34.53
0,1,1,1,1,3,3,295,4,0,1,0,16,1,61.36
1,1,1,1,1,0,2,46,1,0,0,0,13,0,39.48
1,1,1,0,1,3,2,105,1,1,1,0,3,0,62.99
1,1,1,0,1,5,1,79,1,0,1,0,17,1,78.67
1,1,1,1,1,1,0,197,1,0,1,0,13,0,57.11
1,1,1,1,1,17,2,246,1,1,1,0,8,0,72.85
1,0,1,1,0,5,1,36,2,0,1,0,4,1,61.14
1,0,1,1,1,6,5,107,2,1,0,1,18,0,21.1
1,1,1,1,1,8,5,402,0,1,0,0,5,1,59.49
1,1,1,1,1,3,19,14,3,0,1,0,10,1,85.05
1,0,1,1,1,0,20,196,1,0,0,1,3,1,6.81
1,1,1,1,0,2,1,84,3,1,1,0,15,0,41.41
1,1,1,1,1,1,2,77,0,1,1,0,7,1,77.09
1,1,1,1,1,13,12,418,2,1,1,0,4,0,62.41
1,1,1,0,1,15,1,10,3,0,1,0,14,1,63.58
0,1,0,0,1,9,10,38,1,1,1,0,11,1,59.12
1,1,0,1,1,2,18,308,1,0,1,0,14,0,68.07
1,1,1,1,1,21,3,24,2,0,1,1,9,1,55.9
0,0,1,1,1,1,0,91,1,1,1,0,9,0,41.39
1,1,1,1,1,4,7,22,2,5,0,0,1,0,44.45
1,1,1,1,1,0,2,63,3,0,1,0,10,1,45.29
1,0,0,0,1,12,20,3,3,0,1,0,2,0,59.91
1,1,1,0,1,13,5,163,3,1,1,0,12,1,66.16
0,0,1,1,1,11,8,188,3,1,0,0,5,1,34.84
1,0,1,1,1,4,24,18,1,0,1,0,4,0,88.86
0,1,0,1,1,7,8,18,2,1,1,1,0,1,33.23
1,1,1,1,1,7,1,24,0,0,1,0,3,0,94.44
0,1,1,1,1,6,21,135,0,0,1,0,11,1,97.37
1,1,1,0,1,3,15,104,2,0,0,0,13,1,59.02
1,1,1,1,1,4,3,67,1,1,0,1,13,0,31.95
1,1,1,1,1,4,0,165,2,2,1,0,2,1,48.03
0,0,1,1,1,4,0,62,1,2,1,0,6,0,51.19
1,1,1,1,1,2,1,68,1,3,1,1,16,0,13.58
1,1,1,1,1,10,0,8,2,0,1,0,15,1,65.04
1,1,1,1,1,11,0,2,1,0,1,0,9,1,75.6
1,1,1,1,0,5,8,100,0,0,1,0,12,1,92.93
0,1,1,1,1,7,10,17,1,0,1,1,18,1,61.76
1,1,1,1,0,0,9,49,0,0,1,0,2,1,64.16
1,1,1,1,1,0,15,203,1,0,0,0,7,0,42.27
0,0,1,1,1,0,12,45,2,0,1,0,11,1,48.87
1,0,1,1,1,0,6,196,0,2,1,0,6,0,44.31
1,1,0,1,1,7,1,104,1,1,1,0,13,0,67.4
1,0,1,1,1,0,0,176,1,2,0,0,4,1,9.6
1,1,1,1,1,1,13,18,0,1,1,0,2,1,77.31
1,1,1,1,1,28,3,20,1,0,0,0,14,0,72.78
1,1,0,1,1,6,2,95,1,1,1,1,20,0,39.86
1,1,1,1,1,4,12,7,3,0,1,0,8,0,79.71
0,0,1,1,1,0,7,164,5,0,1,1,4,1,4.28
1,1,0,0,0,18,17,150,0,2,1,0,13,1,60.29
1,1,1,1,1,2,7,423,0,0,1,0,4,1,72.17
1,1,1,1,1,0,0,32,2,1,1,0,20,1,37.82
1,1,1,1,1,25,0,851,2,2,1,0,10,1,35.09
1,0,1,1,1,34,4,225,1,0,1,0,11,1,77.43
1,1,1,1,1,20,12,258,2,1,1,0,16,1,73.95
1,1,1,1,1,6,6,53,1,2,1,1,3,1,44.59
1,1,1,1,1,3,1,28,0,1,1,0,12,1,86.11
1,1,1,1,1,7,8,21,2,1,1,0,0,1,82.37
1,1,1,1,1,0,7,81,1,0,1,0,16,0,69.89
1,1,1,1,1,7,2,248,5,1,1,0,2,1,47.39
1,1,1,1,1,16,0,225,2,0,0,1,5,0,6.73
1,1,1,1,1,10,1,3,0,0,1,0,19,1,89.65
1,0,1,1,1,10,12,58,2,0,0,0,1,1,60.28
1,1,1,1,1,25,0,197,3,1,1,0,9,1,50.56
1,0,1,1,1,7,3,126,2,0,1,0,3,1,84.79
1,1,1,1,1,10,22,560,0,1,1,0,18,1,74.15
1,1,1,1,1,0,0,27,4,0,1,0,16,0,28.15
0,1,1,1,1,4,8,76,1,0,0,0,1,1,73.3
1,1,1,0,1,0,5,447,0,1,1,0,19,1,40.39
1,1,1,1,1,1,2,30,1,2,1,0,3,1,58.2
0,1,1,1,1,3,2,242,4,1,1,0,20,0,50.48
1,1,1,0,1,1,21,15,3,0,1,0,12,1,57.57
1,1,1,1,1,0,9,137,1,0,1,0,3,0,72.64
1,1,1,1,1,1,2,159,1,1,0,0,4,0,44.21
0,1,1,1,1,24,6,174,0,2,0,0,6,1,62.21
1,1,1,1,1,15,4,29,3,2,1,1,13,1,42.06
1,1,1,0,1,3,0,77,2,3,1,0,17,1,29.59
1,1,1,0,1,7,2,44,5,0,1,0,0,1,52.42
1,1,1,1,1,5,10,105,2,0,1,1,10,1,63.89
1,1,1,1,1,11,14,285,2,0,1,0,7,1,80.01
1,1,0,1,1,15,6,172,2,1,0,0,7,1,54.86
0,1,1,1,1,3,1,178,0,0,1,0,2,0,88.42
0,1,1,1,1,13,8,78,5,1,0,0,15,1,33.69
0,0,1,1,1,11,13,42,1,2,1,0,10,1,67.06
1,1,1,0,1,11,6,61,1,0,1,0,17,1,81.58
1,0,1,1,0,8,2,27,4,2,1,0,6,1,36.55
1,1,1,1,1,3,0,268,1,2,1,0,15,1,50.76
1,1,0,1,1,5,2,136,3,0,1,0,11,1,68.46
1,1,0,1,1,11,3,103,0,4,1,1,10,1,35.0
1,1,1,1,1,10,3,7,0,0,1,0,14,1,99.47
1,1,1,0,1,0,10,89,1,0,1,0,6,1,58.23
1,0,1,0,1,1,6,78,4,1,1,0,14,1,40.28
1,1,1,1,1,1,9,20,1,0,0,0,9,0,59.69
1,1,1,1,1,14,18,0,1,0,1,0,5,0,90.11
0,1,1,1,1,0,23,37,1,0,1,0,2,0,63.91
1,1,1,1,1,20,9,10,1,1,0,0,1,1,63.45
1,1,1,0,1,14,1,298,2,1,1,0,3,1,51.46
1,1,1,1,1,6,4,380,1,1,1,0,10,0,70.93
0,1,1,1,1,0,5,160,1,1,1,0,5,1,59.39
1,1,0,1,1,3,2,5,2,3,0,0,13,0,30.05
1,1,1,1,1,4,1,124,0,1,1,0,15,0,74.03
1,1,0,1,1,6,2,0,3,0,1,1,13,1,31.59
0,0,0,1,1,25,11,108,2,0,1,0,11,1,75.71
1,1,1,0,1,6,0,30,2,1,0,0,6,0,34.88
0,1,1,0,1,3,6,48,1,1,0,0,19,1,48.27
1,1,1,1,1,2,3,84,0,1,1,0,6,1,77.85
1,1,1,1,1,20,5,17,3,0,0,0,18,1,60.4
1,1,1,1,1,11,0,254,0,2,1,0,19,0,59.59
1,1,1,1,1,2,4,26,0,1,1,0,11,0,81.23
0,0,1,1,1,0,1,71,1,0,1,0,18,0,50.08
1,0,1,1,1,4,17,231,4,1,1,0,16,1,54.91
1,1,1,0,0,7,0,198,1,0,1,0,18,0,43.27
1,1,1,1,1,1,7,7,0,0,1,0,11,0,87.79
0,1,1,0,1,2,6,6,2,1,0,0,18,1,35.67
0,1,1,1,1,15,0,11,3,1,1,0,8,1,49.42
1,1,1,0,1,21,0,177,3,0,1,0,15,1,45.61
1,1,1,0,1,7,4,52,0,1,1,0,1,0,81.14
1,1,1,1,1,5,6,184,0,0,1,0,6,1,92.86
1,1,1,1,1,1,9,2,1,1,1,0,4,1,69.45
1,1,1,1,1,3,2,184,0,0,1,0,5,0,86.25
1,1,1,1,1,21,3,169,3,1,0,0,17,0,56.06
1,1,1,0,1,1,1,306,2,0,1,0,5,1,55.55
1,1,1,1,1,4,0,60,3,0,1,0,10,1,63.52
0,1,1,0,1,2,0,151,1,1,1,0,2,1,39.59
1,1,1,0,1,14,0,358,4,0,1,0,1,0,40.97
0,1,1,1,1,2,0,138,2,0,1,0,15,1,54.12
1,1,1,1,1,0,5,31,0,0,1,0,2,0,72.54
1,0,1,0,1,17,9,14,2,0,1,0,8,0,69.25
0,1,1,0,1,3,13,40,1,0,0,0,5,1,59.97
1,1,1,1,1,11,3,141,0,1,0,0,5,1,68.56
0,1,1,0,1,3,4,69,1,1,0,0,15,1,53.47
1,1,1,0,1,6,3,37,4,0,1,0,5,0,68.45
1,1,1,1,1,2,5,715,0,1,1,0,17,0,67.8
1,1,1,1,0,9,1,87,3,0,1,0,20,0,63.29
1,1,1,1,1,3,8,37,0,0,1,0,7,0,97.49
1,0,1,1,1,6,1,66,1,1,1,0,20,0,67.35
0,1,1,1,1,1,0,156,1,0,1,0,20,1,52.9
1,1,1,1,1,16,8,62,0,0,0,1,2,0,55.96
1,1,1,1,1,6,16,19,2,3,1,0,18,1,69.73
0,1,1,1,1,14,2,41,2,0,1,0,13,0,77.43
1,1,1,1,1,5,1,60,2,1,1,0,0,1,76.55
1,1,1,1,1,10,3,262,0,1,1,0,8,1,85.81
1,1,1,1,1,1,8,135,0,0,0,0,15,1,62.77
1,1,1,0,1,7,11,169,3,1,0,0,10,1,45.75
1,1,1,1,1,1,0,72,1,0,1,0,13,1,60.76
1,1,1,1,0,3,1,7,1,0,1,0,18,1,81.66
1,1,1,1,1,1,10,219,1,2,1,1,17,1,24.14
1,1,1,1,1,1,9,74,2,0,1,1,0,1,41.81
1,1,1,1,1,0,7,107,2,0,1,0,2,1,66.6
1,1,1,1,1,0,2,100,2,0,0,0,12,1,33.61
0,1,1,0,1,44,4,382,1,2,1,0,16,1,47.92
1,1,1,1,1,9,10,9,1,2,1,0,15,1,76.46
1,1,1,1,1,9,2,124,1,0,1,0,1,0,86.8
1,1,1,1,1,18,6,11,2,0,1,1,1,0,55.28
0,1,1,1,0,16,1,86,1,2,1,0,2,1,50.88
1,1,1,1,1,16,2,42,0,0,1,0,0,1,89.87
0,0,1,1,1,6,6,75,2,0,1,0,17,0,74.39
1,1,1,1,1,0,9,62,0,1,1,0,16,0,65.81
0,1,1,1,1,41,3,133,1,2,0,0,6,0,58.26
1,1,1,1,1,9,12,276,1,4,1,0,9,1,61.06
1,0,1,1,1,7,5,335,2,1,1,0,11,0,69.33
0,1,1,1,1,9,1,56,0,2,0,0,9,0,52.66
1,1,1,1,1,2,8,35,1,1,0,0,14,1,53.83
1,1,0,0,1,9,11,274,1,1,1,0,18,1,63.66
1,1,1,1,1,55,19,31,0,0,1,0,14,1,99.72
1,1,1,0,1,2,10,412,2,2,0,0,5,0,16.26
0,1,1,1,1,4,5,1,1,1,1,0,14,1,85.95
1,1,1,1,1,7,13,110,1,1,0,0,19,1,69.21
1,1,1,1,1,28,4,74,1,0,1,0,11,1,87.26
1,1,1,1,0,23,9,270,0,0,0,0,6,1,65.78
1,1,1,0,1,0,0,8,3,0,1,0,14,1,30.15
0,1,1,0,1,10,6,230,0,0,0,0,18,0,61.97
1,0,1,1,1,18,11,76,0,2,1,0,13,1,80.47
1,1,1,1,1,1,14,47,2,0,0,0,1,1,54.93
1,1,0,1,1,4,17,12,2,1,0,0,19,0,49.97
1,1,1,1,1,30,0,528,0,1,1,0,0,0,60.01
1,1,1,1,1,0,4,101,2,1,0,0,20,1,34.27
1,1,1,0,1,22,4,15,1,0,1,0,2,1,86.34
1,1,1,0,1,5,1,22,2,0,1,1,1,0,39.67
0,1,1,1,1,3,5,216,2,0,1,0,6,1,72.31
0,1,1,1,1,15,2,224,1,1,1,0,8,1,61.88
0,1,1,1,1,3,0,415,1,2,1,0,13,0,33.11
1,1,1,1,1,9,11,442,0,0,1,0,5,1,82.58
1,0,1,0,1,7,0,190,2,0,1,0,17,1,40.96
1,1,1,1,1,10,5,132,2,1,1,0,12,0,76.99
1,1,0,0,1,14,0,44,1,2,0,0,8,1,17.74
1,1,1,1,1,0,4,137,2,1,1,0,5,1,51.41
1,0,1,1,1,4,17,118,0,1,1,0,14,1,89.68
0,1,1,1,1,18,1,69,6,1,1,0,7,0,44.39
1,1,1,1,1,2,0,286,1,1,0,0,13,1,20.36
1,1,1,1,0,1,23,150,5,1,1,0,17,1,37.14
1,1,1,1,1,1,11,18,1,1,1,0,10,1,71.97
1,1,1,1,1,8,0,128,0,3,1,1,5,0,28.7
1,1,1,0,1,2,7,42,3,0,1,1,1,1,35.07
1,1,1,1,1,4,0,59,1,1,1,0,10,1,70.11
1,1,1,1,1,1,3,34,0,0,1,0,0,0,90.09
1,0,1,1,1,1,3,97,0,2,1,0,12,1,64.46
0,1,0,0,1,2,10,55,2,1,1,0,20,0,48.75
1,1,0,1,1,15,5,107,0,0,0,0,7,1,72.23
0,0,1,1,1,11,3,55,2,0,1,0,7,1,77.18
1,1,1,0,1,6,0,238,2,2,1,1,15,1,1.68
1,1,1,1,1,0,2,97,0,1,1,0,10,0,59.0
0,1,1,0,1,3,5,90,2,1,1,0,9,1,70.7
1,1,1,1,1,1,4,81,5,0,1,0,0,0,58.73
1,0,1,0,1,0,0,71,1,1,1,0,12,0,25.29
0,1,0,1,0,3,1,0,2,1,1,0,20,1,49.14
1,1,1,0,1,6,2,23,0,0,1,0,18,0,79.72
1,1,1,1,1,3,0,200,3,0,1,1,14,1,24.86
1,1,1,1,1,21,6,90,2,0,1,0,9,1,91.51
1,1,1,1,1,1,2,112,3,1,1,0,14,0,54.4
1,1,1,1,1,40,7,225,2,0,0,0,8,0,58.12
0,1,1,0,1,4,1,25,0,1,0,0,19,1,48.14
1,1,1,1,1,2,1,98,4,0,1,0,5,1,53.55
1,1,1,1,1,1,1,76,2,0,1,1,5,0,33.1
1,1,1,0,1,0,0,140,1,1,1,0,6,0,34.11
1,1,1,0,1,8,5,89,3,0,0,0,15,0,54.46
1,0,1,1,1,3,14,70,0,0,1,0,19,0,100.0
1,1,0,1,1,2,1,134,1,0,1,0,20,1,62.96
0,0,1,1,1,0,13,84,1,1,0,1,12,1,0.0
1,0,1,0,1,0,2,4,0,0,1,0,16,1,52.26
0,1,1,0,1,9,7,17,2,2,1,0,20,1,62.91
1,1,1,1,1,3,15,221,1,2,1,0,1,0,69.94
1,1,1,1,1,13,3,372,2,1,1,0,2,0,66.8
1,1,1,1,1,20,23,144,1,1,1,0,18,1,83.24
1,1,1,0,1,9,3,106,1,2,1,0,10,0,65.11
1,1,1,0,1,16,2,16,2,1,1,1,8,1,36.89
0,0,1,1,1,6,6,129,0,2,0,0,9,1,53.46
1,1,0,0,1,4,7,301,1,2,1,1,18,1,20.52
1,1,1,0,1,8,2,150,1,0,1,0,2,1,75.36
1,1,1,0,1,8,6,7,2,1,1,1,9,0,42.88
1,1,0,1,1,2,6,61,4,1,1,1,19,1,12.61
1,1,0,1,1,9,5,100,1,0,0,0,17,0,70.47
0,1,1,0,1,1,10,7,0,1,0,0,12,0,45.24
0,1,1,1,1,5,18,48,3,1,1,0,12,0,66.96
1,1,1,0,1,2,3,0,0,2,1,0,10,1,59.69
1,1,1,1,1,0,2,35,0,0,1,0,8,1,65.68
1,1,1,1,1,1,11,27,1,2,1,1,13,0,42.81
1,1,1,1,1,4,19,62,2,1,1,0,8,0,78.79
1,1,0,0,1,10,4,159,2,1,1,1,8,1,33.31
1,1,0,1,1,13,3,79,3,2,0,0,18,1,30.4
0,1,1,1,1,3,5,89,1,1,1,1,14,0,50.48
1,1,1,1,1,32,5,82,2,2,1,0,8,1,68.79
1,1,1,1,1,32,0,151,0,0,1,0,1,1,80.98
1,1,1,1,1,5,5,245,2,2,1,0,4,0,67.63
0,1,1,1,1,4,5,373,3,1,1,0,16,1,57.31
1,1,1,1,1,5,8,16,0,0,1,0,16,1,100.0
1,1,1,1,1,8,1,425,3,1,1,0,11,1,47.35
1,1,1,1,1,2,4,12,0,0,0,0,0,0,67.37
0,1,1,1,1,3,24,90,1,0,0,0,14,1,60.21
0,1,1,1,1,6,3,95,2,1,0,1,4,0,31.16
1,0,1,0,1,23,0,19,0,1,1,0,18,0,57.47
1,1,1,1,1,12,4,121,1,0,1,0,8,1,97.07
1,1,1,0,1,4,2,27,0,0,1,1,17,1,58.31
1,1,1,1,1,7,2,110,0,2,1,0,16,1,77.79
1,1,1,1,1,2,4,63,0,0,1,0,0,1,83.09
1,1,1,1,1,21,9,110,4,0,1,0,2,1,76.36
1,0,1,1,1,8,11,183,1,0,1,0,0,1,84.46
1,1,1,1,1,0,0,72,1,0,1,0,4,1,53.16
0,1,1,0,1,5,15,68,0,0,1,1,1,0,55.33
1,1,1,1,1,5,7,30,2,0,0,0,14,0,69.52
1,1,1,0,1,18,1,46,0,0,1,0,10,0,83.86
1,1,1,1,1,9,8,87,3,0,1,0,1,0,85.12
1,1,1,0,1,17,18,126,3,2,1,0,7,1,51.42
1,1,1,1,1,3,8,205,1,1,0,0,1,1,52.89
1,1,1,1,1,1,6,43,2,3,0,0,13,1,29.61
1,1,1,1,1,36,10,66,2,2,0,1,0,0,23.27
1,0,1,0,1,8,12,52,2,0,0,0,5,1,51.25
1,0,1,0,1,6,8,148,2,0,1,0,10,1,69.48
1,1,1,1,1,1,0,231,2,1,1,0,11,1,35.81
1,1,1,1,1,19,2,189,1,0,0,0,12,0,59.02
0,1,1,1,1,20,4,161,2,1,0,0,13,0,56.97
0,0,1,0,1,0,4,8,2,0,0,0,3,0,25.48
1,1,1,1,1,9,1,99,2,0,1,0,9,0,79.99
1,1,1,0,1,8,34,425,1,0,0,0,4,0,48.32
1,1,1,0,1,7,7,24,2,1,1,0,12,1,72.56
0,1,1,1,1,0,35,164,1,1,0,0,1,0,42.36
1,0,1,1,1,7,0,275,0,2,1,0,13,1,54.76
1,1,1,0,1,4,0,19,3,0,1,0,3,0,53.18
0,1,1,1,1,2,3,53,1,0,0,0,12,1,58.57
0,1,1,0,1,6,9,52,2,0,0,0,19,1,47.5
1,1,1,1,1,15,1,11,0,0,1,0,17,0,87.53
1,1,1,0,1,1,16,415,1,1,0,1,8,1,0.0
1,0,1,1,1,2,8,376,4,0,1,1,8,0,13.68
1,0,1,1,1,1,0,36,5,0,0,0,16,1,16.0
1,1,1,1,1,7,2,69,1,0,1,0,16,0,85.17
1,1,1,0,1,6,20,10,0,0,1,0,2,1,91.35
1,1,1,0,1,12,3,95,3,2,1,0,19,1,51.95
1,1,1,1,1,0,6,126,3,2,1,0,18,1,39.75
1,1,0,1,1,10,0,4,2,2,1,0,16,0,44.07
1,1,1,1,0,3,10,22,1,2,1,0,4,0,63.62
1,0,1,1,1,6,0,489,1,0,1,0,6,1,54.33
1,0,1,1,0,3,12,106,3,0,1,0,11,0,67.23
1,0,1,1,0,0,8,35,2,0,1,0,3,0,45.03
1,1,1,1,1,1,1,109,1,2,1,0,9,0,57.89
1,1,1,1,1,4,9,22,3,2,1,0,6,0,66.02
1,1,1,1,1,4,6,117,2,0,0,0,18,1,61.74
1,1,1,0,1,11,2,23,2,1,1,1,11,1,35.61
1,0,1,1,1,3,1,122,3,0,1,1,13,0,41.33
1,1,1,0,1,9,1,252,3,1,0,1,12,0,0.0
1,1,1,1,1,20,0,120,2,0,0,0,10,1,47.55
0,1,1,1,1,20,0,13,2,1,1,0,14,1,52.42
1,1,1,1,1,3,1,129,3,2,1,0,13,0,64.88
1,1,1,1,1,6,5,32,3,0,1,0,17,1,82.22
0,0,1,1,1,0,13,86,1,0,1,0,0,0,59.56
1,1,1,0,1,11,8,343,2,0,1,0,15,1,71.27
1,0,1,1,1,1,0,15,1,0,1,0,18,1,57.12
1,1,1,1,1,11,28,120,2,1,1,0,11,1,79.46
1,1,1,1,1,7,9,119,2,0,1,0,18,0,87.68
1,0,1,0,1,19,7,100,1,2,1,0,0,0,58.03
1,1,1,1,0,24,0,51,2,2,0,0,12,1,21.14
1,1,1,0,1,1,1,429,2,0,1,1,13,1,8.77
1,1,1,1,1,0,4,191,0,3,1,0,2,1,41.77
1,1,0,1,1,0,0,39,0,0,1,0,2,1,47.97
0,1,1,0,1,1,4,256,1,1,0,1,12,1,1.5
1,1,0,1,0,2,0,224,2,0,1,0,10,0,33.76
1,1,0,1,1,0,3,499,1,1,1,0,18,0,36.66
1,1,0,1,1,9,0,82,2,1,1,0,3,1,51.97
1,1,0,0,1,8,0,423,2,3,1,0,2,0,11.89
0,1,1,1,1,19,16,9,2,0,0,0,13,1,64.99
1,1,1,1,1,2,9,9,2,0,0,0,19,1,54.34
1,1,1,1,1,8,0,40,1,0,1,0,2,1,74.71
1,0,1,1,1,3,3,35,1,0,1,0,10,0,85.02
1,1,1,0,1,2,7,8,3,0,1,0,19,1,56.83
1,1,1,1,1,5,24,109,1,1,0,0,3,1,62.82
1,1,1,1,1,4,2,180,1,0,1,0,5,0,86.54
1,1,1,0,1,4,0,57,0,1,1,0,1,0,65.91
1,1,1,1,0,13,4,374,1,1,1,0,1,1,65.71
1,1,1,0,1,31,3,93,4,0,1,0,3,1,66.21
1,0,1,0,1,1,12,129,1,0,1,0,4,0,63.35
1,1,1,1,1,5,2,111,1,0,1,0,8,0,86.48
1,1,1,1,1,17,0,14,3,0,1,0,10,0,59.43
1,1,1,0,1,7,15,0,1,0,0,0,20,1,64.29
1,1,1,0,1,5,0,313,3,0,1,0,9,0,42.81
1,1,1,0,1,3,8,185,1,1,1,1,20,0,34.45
1,1,1,1,1,6,1,123,3,1,1,1,7,0,39.55
1,1,1,1,1,0,32,74,0,0,1,0,4,0,76.44
1,1,1,1,1,18,10,61,1,0,1,0,10,1,94.89
1,1,1,1,1,11,4,39,2,0,1,0,13,1,84.75
1,1,1,1,1,7,4,1,1,1,1,0,10,0,83.04
1,1,1,1,0,4,0,64,1,1,0,0,17,0,40.21
1,1,1,0,0,2,3,60,0,0,1,0,12,0,67.02
1,1,1,1,1,16,0,39,1,1,1,0,8,0,68.4
1,0,0,0,1,2,7,50,0,1,0,0,3,0,34.83
1,1,1,1,0,1,4,198,0,0,1,0,11,1,69.41
1,1,1,0,1,9,2,24,0,1,1,0,20,1,70.82
1,1,1,1,1,1,3,24,2,1,0,0,2,0,47.86
0,1,1,0,1,2,3,93,3,1,0,1,11,1,0.0
1,1,1,0,1,14,3,513,3,2,0,0,6,0,16.57
1,1,0,1,1,3,1,5,1,0,1,0,3,1,78.91
1,1,1,1,1,7,0,124,1,1,1,0,10,0,66.53
1,1,1,1,1,9,0,161,1,2,1,0,0,1,56.38
1,1,1,0,1,12,7,454,2,3,1,0,12,1,42.2
1,1,1,0,1,2,7,218,3,0,1,0,3,1,50.34
1,1,1,1,1,0,3,82,2,0,0,0,10,0,48.82
0,1,1,1,1,12,1,10,2,0,1,0,17,0,74.65
1,1,1,0,1,8,2,118,0,3,1,0,12,1,62.99
1,1,1,0,1,5,4,105,3,0,1,0,20,1,68.89
1,1,1,1,1,2,0,44,0,0,1,0,7,1,67.56
1,1,1,1,1,1,1,143,0,1,1,0,11,1,74.88
1,1,1,0,1,11,4,35,1,1,1,0,15,0,77.39
1,1,1,0,1,0,0,38,4,1,0,0,11,0,0.0
1,1,1,1,1,16,2,196,2,1,1,1,10,1,32.35
1,1,1,1,1,3,15,58,1,2,1,0,16,0,74.38
1,1,1,1,1,9,10,2,3,0,1,0,0,1,81.25
1,1,1,1,1,15,0,133,0,0,0,0,14,1,63.35
1,1,1,1,1,7,5,29,3,2,1,0,4,0,66.56
1,1,1,1,1,1,9,41,0,1,1,0,0,0,80.93
1,1,1,1,1,0,4,143,2,0,1,0,7,1,57.33
1,0,1,1,1,33,0,33,5,0,1,0,4,1,48.35
1,1,1,0,1,5,8,70,2,0,1,0,7,1,82.52
1,1,1,1,0,0,0,189,1,1,1,0,1,1,22.62
1,1,1,1,1,2,20,94,2,1,1,0,13,1,65.52
1,1,1,1,1,9,5,82,3,1,1,0,6,0,67.77
1,1,1,1,1,16,5,2,1,1,0,1,8,1,35.04
1,0,1,1,1,16,14,320,1,2,1,0,0,0,64.7
1,1,1,1,1,10,13,123,1,0,1,0,16,1,89.21
1,1,1,1,1,0,0,33,1,0,1,0,16,0,53.73
1,1,1,1,1,5,1,44,0,1,1,0,6,0,84.09
1,0,1,1,1,4,4,202,0,0,1,0,19,0,86.76
1,1,1,1,1,9,6,27,1,0,1,0,3,0,92.26
1,1,1,1,1,6,3,213,0,0,1,0,16,0,97.05
0,1,1,0,1,0,20,92,1,0,1,0,20,1,59.53
1,1,1,0,1,3,1,34,1,4,1,0,16,0,47.81
0,1,1,1,1,5,4,8,2,1,1,0,13,0,77.99
1,1,0,1,1,1,4,27,2,1,0,0,15,1,42.78
1,1,1,1,1,3,8,7,1,2,1,0,11,1,84.61
1,1,0,1,1,22,0,297,0,0,0,0,0,1,43.69
1,1,1,1,1,12,3,302,1,2,0,0,16,0,51.18
1,1,1,1,1,0,5,1,0,1,0,0,1,1,49.89
1,1,1,1,1,17,19,51,3,0,1,0,14,1,81.29
0,1,1,1,1,1,5,119,0,3,1,0,19,0,60.72
1,1,1,1,1,10,2,231,1,1,1,0,0,0,67.89
1,1,1,1,1,34,2,149,1,0,1,0,6,1,85.13
0,1,1,1,1,7,0,2,2,0,1,0,7,0,61.92
1,1,1,1,1,23,0,145,0,0,1,0,4,0,80.24
0,0,1,1,1,8,11,288,0,2,1,0,6,0,66.2
1,1,1,1,1,1,2,61,1,3,1,0,12,0,51.68
1,1,1,1,1,9,1,20,1,3,0,0,15,1,41.48
1,1,1,1,1,3,2,234,2,0,1,0,15,1,69.06
1,0,0,1,1,1,4,130,4,1,1,0,12,1,39.73
1,1,1,1,1,1,12,61,1,1,1,0,20,1,77.44
0,1,1,1,1,3,7,214,2,1,1,0,1,0,64.67
0,0,1,1,1,4,0,0,0,0,0,0,17,1,46.19
0,1,1,1,1,0,4,344,1,0,0,0,1,1,35.7
1,1,1,1,1,0,8,60,2,1,1,0,16,1,60.09
0,1,1,1,1,15,12,101,1,0,0,0,8,1,66.96
1,1,1,0,1,15,0,466,2,0,1,1,7,0,12.83
1,1,1,1,1,30,0,105,3,2,1,0,13,1,47.01
1,1,1,1,1,0,10,66,1,2,1,0,15,1,52.82
1,0,1,1,1,20,3,89,0,1,1,0,2,1,90.38
1,1,1,1,1,7,1,67,1,2,1,0,16,0,70.04
1,1,1,0,1,13,1,95,1,1,1,0,17,1,69.44
0,1,1,1,1,0,2,116,0,0,1,0,10,1,64.96
1,1,0,1,1,3,8,2,1,0,1,0,9,0,83.86
1,1,1,1,1,1,0,207,2,2,1,1,11,1,1.7
1,0,1,0,1,30,4,4,2,0,0,0,1,0,55.93
1,1,1,1,1,4,10,81,1,0,1,1,20,0,62.56
0,0,1,0,1,1,6,7,2,0,1,0,1,1,57.08
0,1,0,1,1,1,1,30,1,2,1,0,3,1,39.88
0,1,0,1,1,1,16,200,3,3,0,1,20,1,0.0
0,1,1,1,1,12,6,616,1,1,1,0,2,1,61.06
1,1,1,1,1,4,9,82,1,1,1,0,15,1,87.81
1,1,1,0,1,0,2,67,1,0,1,0,13,0,52.48
1,1,1,1,1,2,8,31,1,0,0,0,17,1,53.44
1,1,1,0,1,14,4,32,3,2,1,0,14,1,56.14
1,0,1,1,1,11,6,177,0,0,1,0,20,0,96.68
1,1,1,1,1,6,2,172,4,1,0,0,1,0,36.47
1,1,1,1,1,13,0,26,4,1,1,1,19,1,16.99
1,1,1,1,1,1,21,45,3,1,1,1,20,1,27.31
0,1,0,1,1,39,0,4,2,2,1,0,0,0,35.46
1,1,1,0,1,2,0,287,1,0,1,0,7,1,38.85
1,1,1,1,1,10,14,14,0,1,1,0,0,0,92.1
1,1,1,1,1,6,11,57,3,0,1,0,3,1,85.17
1,1,1,1,1,3,2,10,2,0,1,0,1,1,80.6
1,1,1,1,1,8,15,50,1,1,1,0,7,1,83.75
1,1,1,1,1,0,3,34,3,1,1,0,4,1,45.26
1,1,1,1,1,16,1,66,1,0,0,0,13,0,65.6
1,0,1,1,1,0,5,7,1,1,1,0,13,0,54.43
1,1,1,1,1,10,16,44,0,0,1,0,19,1,99.8
1,1,1,1,1,4,6,12,3,2,1,0,8,1,67.09
1,1,1,1,1,3,16,128,0,1,1,0,11,1,96.53
1,1,0,1,1,12,1,33,0,1,1,0,11,0,77.82
1,1,0,1,1,0,2,35,2,0,0,0,6,1,25.3
1,1,1,1,1,0,6,20,2,0,0,0,3,1,39.64
0,0,1,1,1,22,5,59,1,0,0,0,2,1,61.08
1,1,1,1,1,0,0,84,1,3,1,0,5,0,27.11
1,1,1,1,1,9,3,79,0,0,0,0,18,1,80.13
1,0,1,1,1,7,7,56,3,1,1,0,10,0,63.76
1,1,1,1,1,5,4,97,0,1,1,0,9,1,86.84
1,1,1,1,1,0,6,5,2,1,1,0,6,0,52.25
1,1,1,1,1,10,1,66,3,0,1,0,7,1,77.25
1,1,0,1,1,2,1,7,1,1,1,0,0,0,62.81
1,1,1,0,0,6,1,157,1,0,0,0,16,0,48.82
1,1,1,0,1,9,6,125,2,0,1,1,12,1,48.58
1,1,1,1,1,1,0,52,1,0,1,0,3,1,62.05
1,1,1,1,1,3,9,189,1,1,1,0,10,0,73.97
1,0,1,1,1,7,0,36,3,3,1,0,11,0,36.11
1,1,1,1,1,1,3,9,2,1,1,0,3,1,69.34
1,1,1,1,1,3,0,162,1,0,0,0,14,1,55.19
1,1,1,1,1,14,4,165,0,2,0,0,4,0,58.57
1,1,1,1,1,2,9,260,0,0,1,0,6,0,80.24
1,0,1,1,1,2,5,12,1,3,1,0,3,1,56.16
1,1,1,1,1,0,1,45,0,0,1,0,18,1,65.78
1,0,1,1,1,0,1,29,2,2,1,1,7,0,2.15
1,1,1,1,1,24,9,147,1,1,0,0,20,0,66.96
1,1,1,1,0,2,2,331,0,2,1,0,17,1,45.51
0,1,1,1,0,6,3,105,2,2,0,0,1,1,38.06
1,1,1,1,1,5,1,103,3,0,0,0,14,1,51.38
0,1,1,0,1,2,11,187,3,0,0,0,3,1,29.33
1,0,1,1,1,5,5,138,1,1,0,0,13,1,60.83
0,1,1,0,1,24,10,71,2,0,1,0,13,0,76.37
1,1,1,1,1,0,10,28,1,0,0,0,20,1,52.8
1,1,1,0,0,11,6,1,0,1,1,1,11,0,45.0
1,1,1,1,1,4,0,218,2,0,1,0,16,0,60.79
1,1,0,1,1,2,6,110,2,0,1,0,10,1,68.93
1,1,1,1,1,19,4,213,0,0,1,0,6,1,87.26
0,1,1,1,1,13,0,110,3,1,1,0,2,1,50.79
1,1,1,1,1,18,14,13,0,1,1,0,6,0,85.93
0,1,1,1,1,2,10,154,0,0,1,0,3,0,86.45
1,0,1,1,1,7,4,160,0,0,0,0,20,1,75.89
1,1,1,1,1,7,14,3,2,0,0,0,5,1,63.35
1,1,1,1,1,20,3,85,0,2,1,0,19,1,85.99
1,1,1,0,1,2,2,1,2,0,0,0,20,0,40.55
0,1,1,1,1,12,7,199,2,0,1,0,7,0,76.25
1,1,1,0,1,8,2,37,4,1,1,1,8,0,21.91
1,0,1,0,1,3,7,44,1,0,1,0,2,0,80.35
1,1,0,1,1,0,9,40,1,1,1,0,19,1,50.46
1,1,1,1,1,1,10,554,1,1,1,0,16,1,60.66
0,1,1,1,1,8,2,46,0,1,1,0,18,1,75.29
0,1,1,1,1,6,16,66,0,1,1,0,11,0,89.03
1,0,1,1,1,6,8,112,2,0,1,0,7,1,80.12
1,1,1,0,0,4,1,163,1,1,1,0,9,1,53.94
1,1,1,0,1,22,8,57,1,2,0,0,1,1,47.85
1,1,1,1,1,1,17,347,2,0,1,0,14,0,69.47
1,1,1,1,1,15,6,329,1,0,0,1,19,0,35.47
1,1,1,0,1,13,5,386,1,0,1,0,19,0,66.26
1,1,0,1,1,5,0,172,1,0,0,0,4,1,44.54
1,1,1,1,1,8,6,87,3,1,1,0,17,1,77.22
1,0,1,1,1,8,12,241,0,1,1,0,8,1,82.65
1,0,1,0,1,12,18,323,1,4,1,0,15,1,46.76
1,1,0,1,1,5,17,139,1,0,1,0,8,1,86.38
1,1,1,0,1,7,6,68,2,0,1,0,8,0,78.26
1,1,1,1,1,12,1,50,2,1,1,0,8,1,73.11
1,1,1,1,1,18,9,15,1,0,0,0,10,0,75.75
1,1,1,1,1,4,1,56,3,1,0,0,2,1,50.35
1,1,1,1,1,4,4,6,0,1,1,0,11,0,87.72
1,0,1,1,1,6,2,48,2,0,0,0,6,0,57.38
1,1,1,0,1,9,3,89,1,0,0,0,6,0,62.29
1,0,1,1,1,9,1,108,5,2,1,0,12,1,39.21
1,1,1,1,1,2,3,65,1,0,1,0,1,0,81.1
1,0,1,1,1,4,3,134,0,0,0,0,12,0,75.08
1,0,1,1,1,7,10,36,1,2,1,0,11,1,73.31
1,1,1,1,1,1,2,25,0,0,1,0,0,1,80.63
1,1,1,1,1,2,0,381,3,2,1,0,2,0,16.05
1,1,0,1,1,1,9,7,2,0,1,0,20,1,68.43
1,1,0,1,1,10,0,163,2,2,1,0,16,1,44.03
1,1,1,0,1,19,12,16,2,0,1,1,20,1,45.8
1,1,1,0,1,15,5,9,2,0,1,0,9,1,75.99
1,1,1,0,1,7,5,159,4,0,0,1,2,1,12.49
1,1,1,1,1,2,3,44,1,0,1,0,2,1,88.82
1,1,1,0,1,10,3,133,3,2,0,0,17,1,37.92
1,0,1,0,1,30,5,2,2,2,1,0,5,1,53.05
1,0,1,1,1,19,11,45,1,1,0,0,19,1,60.98
0,1,1,1,1,0,2,3,3,1,1,0,7,0,36.53
1,0,1,1,1,2,2,43,2,1,1,0,19,0,54.25
0,1,1,1,1,2,4,124,3,0,0,1,17,1,16.88
1,1,1,1,1,5,2,27,1,1,0,1,2,1,25.93
0,0,1,0,1,28,8,91,0,0,1,0,19,1,82.06
1,1,1,0,1,3,12,197,3,0,1,0,9,1,65.96
1,1,1,1,1,3,2,87,0,1,0,0,12,1,59.11
1,1,1,1,1,1,4,371,1,2,1,0,1,1,53.58
1,1,0,1,1,2,7,482,0,0,1,1,3,1,35.75
1,1,1,0,1,0,5,308,2,2,1,0,4,1,26.61
0,0,0,1,1,2,2,122,1,0,1,0,2,0,53.15
0,0,1,0,1,0,7,268,3,0,1,0,13,0,31.85
1,1,1,1,1,9,1,193,0,0,1,0,3,1,85.58
1,1,1,0,1,15,5,50,2,1,1,0,2,1,73.86
1,1,0,1,1,11,24,57,3,1,1,0,16,1,64.12
0,1,1,0,1,4,4,16,2,3,1,0,15,0,50.23
1,1,1,1,1,3,0,90,2,0,1,0,2,1,69.07
0,1,1,1,1,22,6,81,2,0,0,0,14,0,65.17
1,0,0,1,1,14,4,114,2,1,1,0,6,1,67.34
1,0,1,1,1,10,0,135,1,1,1,1,20,0,30.74
1,1,1,1,1,0,4,22,0,1,0,0,0,0,51.77
1,1,1,1,1,9,5,50,2,2,1,0,2,1,67.9
1,1,1,1,1,1,0,59,4,1,1,0,4,0,38.1
1,1,1,1,1,3,7,290,2,0,1,0,2,0,81.75
1,0,1,1,1,7,12,583,0,1,0,0,17,0,50.89
1,1,1,1,1,17,8,114,1,1,1,0,10,0,82.19
1,1,1,1,1,3,1,22,2,2,1,0,2,1,66.01
1,1,1,1,1,2,3,98,1,2,1,0,13,1,70.08
1,1,1,0,1,4,0,97,4,1,0,0,12,1,18.08
1,1,1,1,1,1,13,54,2,1,1,0,5,1,67.7
0,1,1,1,1,0,1,33,1,1,1,0,16,1,41.72
1,1,1,1,1,4,4,2,1,0,0,0,17,0,73.66
1,1,1,1,1,1,1,121,0,1,1,0,11,1,72.79
1,1,1,1,1,2,7,403,0,0,1,0,20,0,79.45
1,1,1,0,1,11,10,126,1,1,0,0,13,0,61.5
1,1,1,1,1,12,3,261,1,1,1,0,19,0,79.99
1,0,1,1,1,10,10,7,0,0,1,0,1,0,92.21
1,1,1,0,1,1,4,170,2,0,0,0,19,0,44.93
1,1,1,1,1,8,0,10,2,0,1,0,1,0,69.24
1,1,1,0,1,3,1,165,1,0,1,0,12,0,73.46
1,0,1,1,1,0,1,20,0,2,1,0,13,1,45.96
1,1,1,1,1,1,5,166,2,3,1,0,9,1,50.86
0,1,1,1,1,4,8,311,0,0,1,0,1,0,87.44
0,1,1,1,1,12,10,29,4,0,1,0,15,1,68.5
1,1,0,0,1,2,17,55,2,0,1,0,9,1,53.65
0,1,1,0,1,3,6,268,0,0,1,1,19,1,47.56
1,1,0,1,1,2,9,111,2,0,1,0,3,0,69.77
1,1,1,1,1,12,2,101,2,1,1,0,11,0,73.59
1,1,1,1,1,7,6,147,2,0,1,0,13,1,88.45
1,0,1,1,1,1,0,104,0,0,0,0,1,1,45.61
1,1,1,0,1,7,3,616,0,1,1,0,10,1,69.85
1,1,1,1,1,8,10,129,1,0,1,0,5,0,93.77
1,1,1,1,1,2,20,120,2,0,1,0,10,1,70.95
1,1,1,0,1,6,20,51,0,1,1,0,18,1,82.13
1,1,1,1,1,5,6,61,2,0,1,0,16,1,91.77
1,1,1,1,1,10,6,393,1,0,1,0,0,1,76.96
1,1,1,1,1,2,23,132,0,0,1,0,7,1,90.9
0,1,1,1,0,9,4,39,5,0,1,0,3,1,53.73
0,1,1,0,1,9,6,4,0,1,1,0,12,1,78.5
1,1,0,1,1,1,4,45,2,1,1,1,4,0,26.96
1,1,1,1,1,20,3,61,0,1,1,1,13,1,56.94
1,1,1,1,1,0,0,16,1,2,1,0,2,1,28.87
1,1,1,0,0,2,0,75,0,2,0,0,20,0,7.65
1,1,1,1,1,9,7,64,1,1,0,0,8,1,70.0
0,1,1,1,0,0,3,153,2,0,0,0,13,1,22.42
1,1,1,1,1,3,17,132,6,1,1,0,18,1,63.76
1,1,1,1,1,3,16,13,0,2,0,0,6,1,68.24
0,1,1,1,1,3,15,105,1,0,0,0,4,1,68.85
1,1,1,1,1,26,5,38,3,0,0,0,5,0,61.26
1,1,1,0,1,11,4,227,0,1,0,0,6,0,55.17
1,1,0,1,1,6,6,93,0,0,1,0,13,1,92.0
1,1,1,1,1,2,6,21,2,0,0,0,16,0,62.62
1,1,0,0,1,1,1,59,1,0,1,0,12,1,59.6
1,1,1,0,1,8,3,426,1,2,1,0,4,1,50.25
1,1,1,1,1,4,19,82,2,1,1,0,16,0,82.01
0,1,1,1,1,2,10,21,0,0,0,0,12,0,62.63
1,1,1,0,0,10,6,31,3,1,1,0,8,1,54.93
1,1,1,1,1,2,0,202,2,1,0,0,19,1,13.78
0,1,1,1,1,1,30,18,1,1,1,1,14,0,36.14
0,1,1,1,1,4,0,249,2,0,0,0,0,0,35.43
0,1,1,0,1,4,9,86,2,1,1,0,19,0,65.84
1,1,1,1,1,9,5,10,1,0,1,0,10,1,91.37
1,1,1,1,1,9,0,250,0,0,1,0,2,0,64.79
1,1,1,1,1,6,3,103,2,0,0,0,19,1,65.88
1,1,1,1,1,3,4,285,0,1,0,0,4,0,65.56
1,1,1,1,1,13,8,119,1,2,1,0,14,0,77.48
1,1,1,1,1,16,3,7,3,1,1,0,10,1,73.02
1,1,1,1,1,8,1,10,4,2,0,0,1,0,27.22
0,1,1,1,1,3,8,83,1,1,0,1,10,0,30.37
0,1,1,1,1,9,24,155,0,1,1,0,2,1,83.29
1,1,1,0,1,7,11,265,2,0,1,0,9,1,73.76
1,0,1,1,1,5,2,71,5,0,1,0,13,0,56.23
0,1,1,0,1,1,4,37,3,1,0,0,6,1,22.16
1,1,1,1,1,4,11,57,2,1,1,0,20,1,73.78
1,1,1,1,1,0,8,70,4,1,1,0,19,0,42.93
0,1,1,1,1,3,4,106,2,2,0,0,14,0,49.82
1,0,1,0,1,1,5,22,1,0,1,0,17,1,65.83
1,1,1,0,1,11,0,18,3,2,1,1,8,0,4.69
0,1,1,0,1,23,5,439,0,2,1,0,0,0,49.12
1,0,1,1,1,12,5,11,4,1,1,0,1,0,60.02
1,1,1,1,1,2,3,352,0,1,1,0,18,1,72.41
1,1,0,0,1,2,0,194,0,1,1,1,13,1,6.87
1,0,1,0,1,28,3,90,2,3,0,0,0,1,35.97
0,1,1,0,1,0,3,278,2,1,1,1,10,1,1.65
1,1,1,1,1,6,3,89,1,1,1,1,16,1,54.96
1,1,1,0,1,3,3,103,1,1,1,1,18,0,49.09
1,1,1,1,1,5,3,2,4,0,1,0,16,1,77.51
1,0,1,0,1,9,8,10,1,1,0,0,11,1,50.88
0,1,1,0,1,0,12,37,2,1,1,0,10,1,35.79
0,0,1,1,1,2,1,6,1,0,0,0,15,1,43.23
1,1,1,1,1,0,20,85,0,1,1,1,17,0,36.79
1,1,1,1,1,3,22,20,0,1,1,0,8,1,92.45
1,1,0,1,0,3,7,100,2,3,1,1,15,1,16.29
0,0,0,0,1,6,4,153,1,2,1,0,4,1,47.92
1,0,1,1,1,5,2,21,1,0,0,0,20,1,59.02
1,1,0,1,1,8,0,110,1,1,0,1,14,0,8.57
1,1,1,1,1,19,2,199,2,0,0,0,5,0,55.6
1,0,1,0,1,2,5,451,1,1,0,0,14,0,20.33
1,1,1,1,1,2,1,43,2,1,1,0,9,1,61.26
1,1,1,1,1,0,14,167,2,0,0,0,16,1,43.82
1,1,1,1,1,2,15,125,1,2,1,0,15,1,59.78
1,0,0,0,1,7,3,52,0,2,1,0,9,1,58.02
1,1,1,1,1,2,1,4,1,0,1,0,1,1,72.34
0,1,1,1,1,0,2,75,2,0,1,0,14,0,49.63
0,1,0,1,1,4,20,1,0,1,1,0,8,0,79.05
1,1,1,1,1,2,9,21,2,0,1,0,20,1,78.98
1,1,1,1,1,21,24,34,2,1,1,0,5,0,80.54
1,1,1,1,1,0,7,18,1,0,1,0,20,0,68.32
1,1,0,1,1,1,4,34,1,2,1,0,8,1,62.32
0,1,1,0,1,5,0,146,0,0,1,0,11,1,65.45
1,1,1,1,1,6,5,38,2,1,0,0,18,1,62.31
1,1,1,1,1,3,1,210,0,0,0,0,7,0,66.17
1,1,1,1,1,1,1,31,2,0,1,0,4,0,68.18
1,1,1,1,1,13,1,33,0,0,1,0,2,0,89.47
0,1,1,1,1,0,17,47,1,1,0,0,18,1,37.93
1,1,0,0,1,13,6,350,1,1,1,0,18,1,61.33
1,1,0,1,1,13,17,176,3,0,1,0,7,1,72.58
1,1,1,1,1,10,2,389,3,2,0,1,19,1,0.0
1,1,1,1,1,23,13,59,3,0,0,0,16,1,61.07
0,1,1,1,1,10,0,229,4,1,1,0,11,1,33.36
1,1,1,1,0,4,0,5,1,0,1,0,17,1,61.97
1,1,1,1,1,0,1,29,0,0,0,0,16,0,42.12
1,0,0,1,1,4,0,6,3,0,1,0,16,1,55.07
1,1,1,1,1,3,0,334,1,0,1,0,16,1,69.28
1,1,1,1,1,21,0,51,1,0,1,0,10,1,72.36
1,1,1,1,1,0,17,150,2,1,1,0,20,1,51.4
0,1,1,1,1,4,2,39,2,0,1,0,0,1,77.1
1,1,1,1,1,7,5,101,1,1,1,0,9,1,84.08
1,1,0,1,1,0,3,89,4,0,1,0,2,1,44.98
1,1,1,1,1,0,6,190,2,1,0,0,9,0,25.84
1,1,1,1,1,21,0,3,5,0,1,0,11,0,44.4
1,1,1,1,1,2,6,12,3,0,1,0,3,1,65.5
0,1,1,1,1,0,0,36,2,1,1,1,9,0,0.0
0,0,1,1,0,40,7,131,1,0,1,0,6,1,73.46
1,1,1,1,1,3,2,1,1,0,0,0,7,1,70.11
1,0,0,0,1,1,2,331,0,2,0,0,8,0,16.25
1,1,1,1,1,11,0,115,3,1,1,0,16,1,54.63
1,0,1,1,1,0,1,34,1,0,1,0,9,0,59.68
1,1,1,1,1,3,6,87,2,0,1,0,3,1,87.45
1,1,1,1,0,0,3,5,0,0,1,0,5,0,67.74
0,1,1,1,1,0,4,192,2,1,1,0,15,0,39.99
1,1,1,1,1,1,0,192,0,2,1,0,8,1,38.89
1,1,0,1,1,0,2,30,3,0,1,0,3,1,39.32
0,1,1,1,1,20,9,111,2,4,1,0,0,0,61.82
0,1,1,0,1,14,0,12,1,0,1,0,4,1,59.59
1,1,1,1,1,10,3,96,1,1,0,0,1,0,66.19
0,0,1,1,1,15,11,120,0,0,1,1,10,1,57.22
1,1,1,0,1,8,2,71,0,1,1,0,18,1,75.93
1,1,1,1,1,13,3,28,1,0,1,0,11,1,96.41
1,1,1,1,1,8,3,37,1,0,1,0,0,0,93.67
1,1,1,1,1,20,4,0,0,0,0,0,3,1,84.33
1,1,1,0,1,4,2,0,4,2,1,0,13,1,40.43
1,1,0,1,0,5,17,33,0,1,1,0,0,1,75.62
1,1,1,1,1,2,0,320,1,2,1,0,9,1,36.8
1,1,1,1,1,7,4,38,1,2,1,0,0,1,74.91
1,1,0,0,1,12,0,8,0,0,1,1,7,1,28.01
1,1,1,1,1,21,3,13,1,0,0,0,3,1,67.47
1,1,1,1,0,20,1,41,3,0,0,0,10,1,39.77
1,1,1,1,1,8,7,503,2,2,0,0,5,0,39.41
1,1,1,1,1,3,14,250,1,0,0,0,18,1,66.92
1,1,1,1,1,25,5,125,2,1,1,0,14,0,76.24
1,1,1,1,1,5,7,317,2,0,1,0,17,1,77.71
1,1,1,1,1,1,3,200,1,0,1,0,8,1,76.63
1,1,1,0,1,11,14,59,3,0,0,0,11,0,52.1
1,1,1,1,1,1,7,59,3,1,1,0,18,1,58.43
0,1,1,1,1,13,4,108,1,0,1,1,20,1,54.63
1,0,1,1,1,8,3,219,0,0,1,0,12,0,85.74
1,1,1,0,1,8,2,116,1,0,1,1,0,0,48.06
0,1,1,1,1,0,2,9,2,1,1,0,6,1,40.16
1,1,1,1,1,23,11,0,0,0,1,0,4,1,98.75
0,1,1,1,1,0,6,359,3,0,0,0,12,1,20.62
0,1,0,1,1,1,6,345,0,1,1,0,20,1,58.7
1,1,1,1,1,1,26,177,3,0,1,0,4,0,68.55
1,0,1,1,1,5,0,119,1,2,0,0,0,0,32.96
1,1,1,1,1,5,2,117,2,1,1,0,14,0,76.76
0,1,1,1,1,6,1,23,2,0,1,0,17,0,74.49
1,1,1,1,1,17,1,105,1,1,1,0,10,1,82.91
0,1,1,1,1,2,6,39,4,0,0,0,20,0,39.4
1,1,1,1,1,0,9,30,1,1,1,0,19,1,62.29
0,1,1,1,1,3,6,182,2,1,1,0,12,1,70.62
0,1,1,1,1,3,0,19,3,0,1,0,12,1,50.26
1,0,1,1,1,10,1,25,0,2,1,0,0,0,69.55
1,1,1,1,1,2,3,298,1,0,1,0,11,1,76.53
1,1,1,1,1,1,7,37,0,1,1,0,6,1,79.32
1,1,1,1,1,3,18,74,4,1,1,0,11,1,67.57
1,1,1,0,0,0,3,34,0,2,1,0,4,1,40.84
0,1,1,0,1,26,10,22,0,0,1,0,16,1,78.24
0,1,1,1,1,20,4,19,0,0,1,0,2,1,93.14
1,1,1,1,1,0,6,20,0,1,1,0,6,1,69.59
1,1,1,1,1,9,0,377,1,0,0,0,3,1,39.99
1,1,1,0,1,1,0,28,4,0,1,0,4,0,38.85
0,1,1,0,1,8,6,251,2,1,1,0,14,0,62.07
1,0,1,1,1,6,11,14,2,0,1,0,3,0,88.01
1,1,1,1,1,2,1,234,3,1,1,0,8,0,45.48
0,0,1,1,0,9,2,186,1,0,1,0,10,1,59.92
0,1,1,1,1,1,0,16,3,1,1,0,10,1,37.63
1,1,1,1,1,0,7,26,1,2,1,0,10,0,52.21
1,1,1,1,1,0,4,95,2,1,0,0,20,0,31.35
1,1,0,1,1,5,3,334,0,0,1,0,19,0,83.97
1,0,1,1,1,3,6,216,2,1,1,0,17,1,72.7
1,1,1,1,1,27,0,286,2,1,1,1,16,0,25.07
1,1,1,1,1,15,2,277,2,1,1,1,7,0,32.34
1,1,1,1,1,16,0,160,0,2,1,0,10,0,63.24
1,1,0,1,1,36,9,30,1,1,1,0,14,0,79.23
0,1,1,1,1,47,0,101,0,0,0,0,16,1,54.17
1,0,1,1,1,26,1,179,2,0,1,0,19,1,74.36
0,1,1,1,1,0,6,121,3,2,0,0,7,0,18.91
1,1,1,0,1,2,10,111,0,1,1,0,19,0,73.12
0,1,1,1,0,12,11,28,1,0,1,0,16,1,79.28
1,0,1,1,1,15,4,86,1,1,1,0,8,1,86.98
1,1,1,0,1,6,6,76,0,1,1,0,18,1,80.63
1,1,1,1,1,4,13,129,3,1,0,0,3,1,51.78
0,1,1,0,1,3,8,50,3,0,1,0,14,1,69.59
1,0,1,1,1,2,5,302,2,2,1,0,10,1,47.22
1,1,1,1,1,12,20,54,1,1,0,0,7,1,69.96
1,1,1,1,1,5,33,29,2,1,1,0,6,0,79.61
1,1,1,1,1,3,12,139,1,1,0,0,0,1,69.38
0,1,1,1,1,1,7,46,2,2,1,1,13,1,25.02
1,0,1,1,0,1,0,964,1,2,1,0,12,0,11.56
0,1,1,1,1,2,3,36,2,1,1,0,4,0,61.08
1,0,1,1,1,7,7,45,1,1,1,0,1,1,89.47
0,0,1,1,1,29,1,324,0,3,1,0,15,1,50.17
0,1,1,0,1,0,6,77,0,1,1,0,13,0,48.64
1,1,1,0,1,30,6,128,1,0,1,0,9,0,83.37
1,1,1,1,1,3,16,104,0,0,1,1,6,1,74.27
1,1,1,1,1,2,9,31,1,1,1,0,6,1,74.86
1,1,1,0,1,9,10,61,2,0,1,0,4,1,78.42
1,1,0,1,1,0,3,356,4,1,1,0,14,1,26.92
0,1,1,0,1,25,6,22,0,1,1,0,6,0,76.35
1,1,1,1,1,3,7,96,3,0,1,0,7,1,82.26
1,1,1,0,1,12,5,14,1,2,0,0,15,0,44.89
0,1,1,1,1,1,1,74,3,1,1,0,1,0,47.12
1,1,1,1,1,1,4,18,0,1,1,0,16,1,80.22
1,0,0,1,1,6,0,41,1,1,1,0,16,1,51.66
0,1,1,0,1,13,10,124,1,0,0,1,14,0,25.36
1,1,1,0,1,4,3,34,2,0,1,1,8,0,46.86
0,1,1,1,1,4,12,614,0,2,1,1,16,1,36.15
1,1,1,0,1,12,0,191,0,0,1,0,2,1,58.26
1,1,1,0,1,5,6,340,2,3,1,0,12,1,47.57
0,1,1,1,1,2,3,244,0,1,0,0,4,1,40.19
1,1,1,1,1,1,6,32,1,0,1,0,2,1,81.37
1,0,1,1,1,2,0,69,2,2,0,0,0,1,15.09
1,1,1,1,1,0,3,13,1,0,0,0,9,0,50.55
1,1,1,1,1,3,7,125,1,1,1,0,1,0,81.33
0,0,1,1,1,5,10,82,1,0,1,0,5,0,92.5
0,1,1,1,1,21,1,137,0,1,1,0,5,1,74.77
1,1,1,1,1,4,7,130,3,0,0,0,19,0,63.09
1,1,1,1,1,1,0,130,0,0,1,0,8,1,69.37
0,1,1,0,1,1,2,339,3,1,0,0,2,1,17.29
1,1,1,1,1,16,9,190,1,2,1,0,19,0,69.99
1,1,1,1,0,6,2,174,1,3,0,0,19,1,30.22
1,1,1,1,1,2,5,4,3,1,1,1,10,1,31.63
0,1,1,1,1,0,5,97,1,2,1,0,7,0,40.99
1,1,1,1,1,26,14,87,0,1,0,0,17,0,72.16
1,1,1,1,1,7,10,9,2,0,1,0,3,1,85.54
1,1,1,1,1,9,11,1,0,2,0,0,4,1,62.05
1,1,1,1,1,1,2,48,2,1,1,0,18,1,59.16
1,1,1,1,1,1,0,170,2,0,1,1,8,1,22.69
1,1,1,1,1,21,19,78,0,1,1,0,15,1,94.46
1,0,1,1,1,6,9,50,1,0,1,0,5,0,90.08
1,1,1,1,1,4,29,89,1,0,0,0,8,0,70.41
1,1,1,0,1,0,5,638,2,0,1,0,6,0,35.33
1,0,1,1,1,4,6,7,2,1,1,0,12,1,76.88
1,0,1,1,1,2,2,111,0,0,1,0,11,0,78.73
1,0,1,1,1,9,7,32,1,0,0,1,14,0,42.68
1,1,1,1,1,0,0,147,0,0,1,1,7,0,24.52
1,1,1,1,1,10,14,8,1,0,1,0,9,0,94.65
1,1,1,0,1,1,0,94,1,0,1,0,5,1,47.92
1,1,0,1,1,9,2,116,2,1,1,0,12,0,67.68
1,1,1,1,0,7,4,88,2,3,1,0,5,1,49.83
1,1,1,0,1,14,5,59,1,0,0,0,9,0,62.55
1,1,1,1,1,17,2,5,2,0,1,0,5,1,81.35
1,1,1,1,1,1,8,300,1,1,1,0,12,1,69.02
1,0,1,1,1,3,3,93,2,1,1,0,15,0,69.03
1,1,0,0,0,40,3,98,0,0,0,0,2,1,49.98
0,1,1,1,1,8,10,168,1,1,0,0,11,1,61.3
1,1,1,1,1,15,3,124,1,0,0,0,10,0,75.41
1,1,1,0,1,4,8,132,1,1,1,0,14,1,77.94
0,1,1,0,1,1,2,41,2,0,1,0,7,1,49.7
1,1,1,1,1,0,3,97,2,0,0,0,18,0,45.02
1,1,1,1,1,14,25,50,2,0,1,0,8,1,88.5
1,1,1,1,1,1,1,226,2,0,0,0,17,1,40.31
1,1,1,0,1,4,1,135,2,1,1,0,18,1,55.06
1,1,1,1,0,6,2,7,2,0,1,0,7,1,69.12
1,1,1,0,1,5,12,56,4,0,1,0,13,1,64.79
0,1,1,1,0,8,17,54,1,0,1,0,6,0,79.41
1,0,1,1,1,4,37,312,0,0,1,0,19,0,87.08
1,1,1,1,1,6,5,55,1,3,1,0,10,1,68.66
1,1,1,1,1,0,4,249,2,1,0,0,2,1,33.16
1,1,1,0,1,18,0,324,3,1,0,0,16,1,15.67
1,1,0,1,1,0,5,24,1,1,1,1,15,0,21.87
1,0,1,0,1,1,5,173,0,1,0,0,0,1,45.72
1,0,1,0,1,9,1,154,2,0,1,0,9,1,66.46
1,1,1,0,1,2,6,189,2,1,1,0,5,1,51.5
0,1,0,1,1,3,5,104,1,1,1,0,15,1,75.26
1,0,1,0,1,2,0,96,0,1,1,1,3,0,12.01
1,1,1,1,1,3,0,28,2,1,0,0,5,1,41.56
1,1,1,0,1,0,0,3,1,0,1,0,6,1,36.17
1,0,1,1,1,1,4,110,2,0,1,0,2,1,69.36
1,1,1,0,1,0,5,107,3,2,1,0,6,0,31.41
1,1,1,0,1,1,8,255,4,1,1,0,9,1,43.87
1,1,0,1,0,8,7,278,2,0,1,0,16,1,65.21
1,0,1,0,1,1,1,172,0,0,0,0,8,1,40.48
1,1,0,1,1,3,0,150,1,0,1,0,4,0,63.83
1,1,1,1,1,1,3,216,2,0,1,1,16,1,36.46
0,1,1,1,1,11,7,69,1,0,0,0,6,1,71.46
1,1,1,0,1,4,0,108,3,0,1,1,12,0,24.45
1,1,1,1,1,4,0,13,3,0,1,0,0,1,66.13
1,1,0,1,1,1,1,42,3,2,0,0,12,0,21.06
1,1,1,1,1,6,5,126,3,0,1,0,0,1,82.15
1,0,1,1,1,9,6,95,2,2,1,0,10,1,69.17
0,1,1,1,1,0,1,44,2,1,0,0,7,0,23.99
1,1,1,1,1,6,6,18,2,0,1,0,8,1,88.42
1,1,1,1,1,2,3,78,2,1,1,0,7,1,72.65
0,0,1,1,1,1,3,61,2,0,1,0,9,0,66.96
0,1,1,1,1,1,0,44,1,0,1,0,2,0,56.59
1,0,1,1,1,16,0,87,3,2,1,0,0,1,43.32
1,1,1,1,1,1,3,419,0,0,1,0,7,1,73.22
0,1,0,1,1,2,6,39,1,0,1,0,13,1,71.21
0,1,0,0,1,4,23,19,1,2,0,1,16,0,3.24
1,1,1,1,1,10,8,163,1,1,0,0,16,0,66.69
1,1,0,1,1,7,0,187,2,1,1,0,19,1,41.14
1,1,1,1,1,4,7,36,1,0,0,0,0,0,75.36
1,1,1,0,1,5,3,1,1,0,1,0,18,0,85.39
1,1,1,1,1,24,1,113,0,0,1,0,9,0,88.3
0,1,1,1,1,3,3,77,3,0,1,0,0,0,77.91
1,1,1,1,1,8,3,37,2,0,1,0,9,1,86.36
1,1,1,0,1,1,1,21,1,0,1,0,19,1,64.09
0,1,1,0,1,5,20,13,2,1,1,0,20,1,65.07
1,1,1,0,1,16,9,337,2,1,1,0,9,0,65.98
1,1,1,0,1,11,9,261,0,0,0,0,6,1,68.63
1,1,1,1,1,6,4,129,2,1,1,0,10,0,77.68
1,1,1,1,1,6,12,156,0,0,1,0,14,1,97.39
1,1,1,0,1,0,7,15,2,0,0,0,9,1,35.17
1,1,1,1,1,15,1,170,1,0,1,0,5,1,87.35
1,1,1,1,1,5,4,126,0,0,1,0,7,1,95.55
1,1,1,1,1,5,0,75,1,3,1,0,4,0,48.87
0,1,1,1,1,6,0,416,1,1,0,0,18,1,28.13
0,1,1,1,1,4,14,222,0,0,1,0,18,1,81.23
1,0,1,1,1,1,0,151,1,1,0,0,15,0,35.72
1,1,1,1,1,5,8,90,3,0,1,0,13,1,79.18
1,1,0,1,1,9,5,264,0,1,1,0,8,1,79.37
1,1,1,1,1,4,6,114,1,0,1,0,9,1,95.16
1,1,1,0,1,3,1,178,1,1,1,0,14,1,59.86
1,1,1,1,1,1,2,17,1,0,1,0,5,0,73.55
1,1,1,1,1,24,1,22,0,0,0,1,7,0,37.57
1,1,0,1,1,13,8,4,1,0,1,0,13,1,89.07
0,0,1,1,1,1,7,26,1,1,0,0,0,0,50.88
1,1,1,1,1,4,16,25,2,0,1,0,8,0,93.6
1,1,1,1,1,2,0,185,0,1,0,0,5,0,30.49
1,1,0,1,1,13,7,150,1,0,1,0,18,0,87.68
1,1,1,0,1,2,1,261,0,1,1,0,20,1,52.61
1,1,1,1,1,0,2,80,3,2,1,1,8,1,0.0
1,1,1,1,1,21,6,77,1,0,1,0,17,0,92.63
1,1,1,1,1,2,10,18,2,1,1,0,17,1,71.85
1,1,1,0,1,1,10,26,0,0,0,1,13,1,25.73
1,1,1,0,1,1,9,4,0,0,1,0,19,1,79.08
1,1,1,1,1,3,1,11,2,0,1,0,13,1,78.19
1,1,1,1,1,0,3,251,3,0,1,0,20,1,50.49
0,1,1,1,1,0,2,100,0,1,1,0,4,1,52.84
1,1,1,0,1,1,0,76,2,0,1,0,11,1,39.38
1,1,1,0,1,4,5,35,1,2,1,0,0,0,68.45
1,1,1,1,1,8,2,9,0,2,1,0,1,0,74.08
1,0,1,1,1,22,2,56,1,0,1,1,11,1,49.91
1,1,1,1,1,10,2,84,0,1,1,0,2,0,86.23
1,1,1,0,0,6,3,152,0,0,1,0,6,1,79.77
1,1,1,1,1,6,5,140,3,2,1,0,19,0,64.63
1,0,1,1,1,7,0,26,4,0,1,0,11,1,47.88
1,0,1,1,1,2,3,102,3,2,1,1,6,1,21.1
1,1,1,1,1,12,17,47,1,0,1,0,10,0,92.96
1,1,1,1,1,2,3,11,0,1,1,0,16,0,78.24
1,1,1,0,1,5,5,83,0,2,1,0,1,0,74.38
0,1,1,1,1,3,5,122,2,1,1,0,7,0,77.33
1,1,1,0,1,9,2,207,3,2,1,0,16,1,37.55
1,1,1,1,1,18,5,7,4,0,1,0,8,1,82.61
1,1,1,1,1,1,0,49,2,1,0,0,18,1,31.95
1,1,1,1,1,9,7,122,1,1,0,0,9,0,61.93
1,1,1,0,1,10,6,0,2,2,0,0,10,1,39.22
1,0,1,1,1,12,0,572,1,1,0,0,9,1,25.66
1,0,1,1,1,3,14,198,0,0,1,0,18,0,87.1
1,1,1,0,1,1,0,201,2,0,0,0,18,0,18.23
1,1,1,1,1,6,6,113,2,0,1,0,5,1,81.77
1,1,1,1,1,36,0,300,2,0,1,0,2,0,59.29
1,1,1,1,1,3,19,5,3,1,0,0,8,0,53.26
0,1,1,1,1,21,4,88,1,0,1,0,14,0,82.1
0,1,0,1,1,1,3,449,0,2,1,0,7,1,50.3
1,1,1,1,1,5,0,14,3,0,1,0,20,0,57.84
0,0,1,1,1,12,12,114,2,1,1,0,1,0,66.2
1,1,1,1,1,1,3,19,3,0,1,0,10,1,71.32
1,1,1,1,1,14,12,146,3,1,1,0,12,1,74.35
0,1,0,0,1,11,11,188,1,0,1,0,8,1,59.14
1,1,1,1,1,13,10,250,1,0,1,0,15,1,84.9
1,1,1,0,1,3,1,249,3,1,1,0,18,1,49.51
1,1,1,1,1,1,17,36,2,0,1,0,7,1,77.09
1,1,1,1,1,1,24,9,3,0,1,0,0,0,67.96
1,1,1,1,1,3,1,171,2,1,1,0,12,1,70.35
1,1,1,0,1,27,4,89,2,2,1,0,9,1,63.53
1,1,1,0,1,26,2,112,1,0,1,0,3,1,74.53
1,1,1,1,1,2,4,37,2,2,0,0,19,1,39.55
1,1,1,0,1,3,10,164,1,0,0,0,5,0,66.35
1,1,1,0,1,1,0,23,0,0,1,0,12,1,55.31
0,1,1,1,1,3,0,23,0,0,1,0,10,1,72.7
0,1,1,0,1,0,7,86,2,0,1,0,10,1,46.62
1,1,1,0,1,10,0,111,2,0,0,1,18,0,3.48
1,1,1,1,1,9,9,39,1,1,1,1,15,1,52.99
1,1,1,1,1,16,3,172,0,0,1,0,1,1,99.5
0,0,1,0,1,5,16,240,1,0,0,0,16,0,47.8
0,0,1,1,1,1,3,602,0,0,1,0,13,1,62.02
1,1,1,1,1,16,12,64,1,1,0,0,16,1,64.97
0,1,1,1,1,2,8,16,2,0,1,0,2,1,72.84
1,1,1,1,1,33,1,54,0,0,1,0,16,1,93.16
0,1,1,1,1,3,0,16,2,0,1,0,10,1,63.71
1,1,1,0,1,3,0,221,1,1,1,1,17,0,15.01
0,1,1,0,1,8,0,220,1,1,1,1,8,1,14.62
1,0,1,0,1,2,2,18,0,2,0,0,9,0,32.67
1,1,1,0,1,15,0,15,1,1,0,0,7,1,38.4
1,1,1,1,1,0,0,5,3,1,1,0,7,0,29.53
1,1,1,1,1,6,3,8,1,3,1,0,15,1,71.7
0,1,1,1,1,6,0,112,0,1,1,0,7,1,64.91
1,1,1,1,1,1,1,31,2,1,1,0,1,1,61.77
1,1,1,0,1,22,8,280,2,0,1,0,14,0,77.62
1,1,1,1,1,3,11,482,0,0,1,0,14,0,87.69
1,1,1,1,1,27,9,124,2,0,1,0,6,1,82.78
1,1,1,1,1,11,0,36,3,0,0,0,6,1,43.74
1,1,1,1,1,6,6,4,2,2,1,0,12,0,73.38
1,1,1,0,1,19,1,49,1,0,0,0,17,0,54.41
1,1,1,1,1,1,1,15,1,1,0,0,14,1,44.52
0,1,0,1,1,2,2,117,1,1,1,0,13,1,55.22
1,1,1,1,1,9,5,35,3,1,1,0,18,1,72.78
1,1,1,0,1,3,4,80,1,1,1,0,15,1,80.99
1,1,1,0,1,2,3,774,2,1,1,0,17,0,42.28
1,1,1,1,1,1,1,112,2,2,1,0,12,0,51.6
1,0,0,0,1,2,20,44,3,1,1,0,8,1,35.04
0,0,1,1,1,15,4,60,1,2,0,0,8,1,44.55
1,0,1,1,1,6,0,477,1,0,1,0,0,0,51.11
1,1,1,0,1,30,5,60,1,0,1,0,6,1,87.14
1,1,1,1,1,6,3,20,3,0,1,0,15,0,73.44
1,1,1,1,1,1,12,75,0,0,1,0,9,1,92.41
0,1,1,0,1,10,11,0,2,0,0,0,10,0,51.13
1,1,1,1,1,0,8,50,2,0,1,0,11,1,65.74
1,1,1,1,1,14,17,296,1,1,0,0,8,1,59.27
0,1,1,1,1,4,9,249,1,1,1,0,8,1,75.05
1,1,1,1,1,8,21,163,3,2,1,0,7,0,68.89
1,1,1,0,1,2,8,33,2,0,1,0,0,1,66.18
1,1,1,1,1,8,1,251,1,1,1,0,11,0,65.13
1,0,1,1,1,6,1,91,1,0,0,0,5,1,62.12
0,1,1,1,1,9,1,182,1,1,1,0,1,1,69.37
1,0,0,1,1,13,7,218,1,0,1,0,4,0,70.88
1,1,1,1,1,17,15,75,2,0,1,0,12,1,86.95
1,1,1,1,1,1,9,115,1,2,1,0,4,1,64.81
1,1,1,1,1,0,1,80,2,0,1,0,3,1,54.88
1,0,1,1,1,4,5,76,2,1,1,1,0,0,46.98
1,1,1,1,1,9,3,107,0,1,0,0,11,1,75.25
1,1,1,0,1,10,11,76,1,1,1,0,15,0,75.67
1,1,1,0,1,1,12,61,3,1,1,0,3,0,52.9
1,1,1,1,1,25,0,160,2,0,1,1,15,0,35.84
1,0,1,1,1,5,0,5,1,2,0,0,20,0,30.23
1,1,1,1,1,6,8,137,3,0,1,0,8,1,84.81
0,0,1,1,1,1,15,47,0,1,1,0,9,1,72.33
1,1,1,1,1,16,4,205,0,1,1,0,12,1,86.15
1,1,0,1,1,10,4,37,0,3,1,0,1,1,67.85
1,1,1,1,0,43,21,4,1,0,1,0,0,1,85.42
1,1,1,1,1,3,1,291,0,2,1,0,19,1,65.89
1,1,0,1,1,19,2,400,0,2,1,1,7,0,19.61
1,1,1,1,1,0,1,74,4,0,0,0,4,1,20.53
1,1,0,1,1,0,0,9,0,0,0,0,1,1,25.76
1,1,1,1,1,6,0,141,3,1,1,1,1,1,24.1
1,1,1,0,1,4,10,109,3,0,0,0,16,1,51.77
0,1,1,1,1,14,2,10,4,0,1,0,6,1,66.0
1,1,1,0,1,25,4,24,2,0,1,0,13,1,78.76
1,1,0,1,1,2,16,15,1,1,1,0,19,0,63.89
1,1,1,0,1,0,7,41,3,3,1,0,3,1,25.47
1,1,1,0,1,4,2,32,2,0,1,0,13,1,70.25
1,1,1,1,1,3,2,85,1,0,0,0,4,1,63.14
1,1,1,1,1,5,4,55,1,0,0,0,3,0,75.55
1,0,1,1,1,5,3,4,2,1,1,0,10,1,76.04
1,1,1,1,1,4,1,152,3,0,0,0,4,0,55.48
1,1,1,1,1,3,1,278,3,0,0,0,13,0,52.41
1,1,1,0,1,11,0,19,3,1,1,0,2,1,44.85
1,1,1,0,1,18,6,6,1,2,1,1,10,1,37.25
1,1,1,1,1,20,9,381,2,0,1,0,6,0,71.89
1,1,1,1,1,4,0,206,0,1,1,0,9,1,67.61
1,0,1,1,1,1,3,55,0,1,1,0,10,1,75.03
0,1,1,0,1,3,0,333,2,1,1,0,2,1,36.73
1,1,1,1,1,6,6,2,2,1,1,0,17,0,78.64
0,0,1,0,1,2,0,147,2,0,1,0,6,1,36.79
1,1,0,1,1,17,4,121,1,0,1,1,2,1,50.89
1,1,1,1,1,11,3,72,1,0,1,0,8,1,89.73
1,1,1,1,1,1,1,174,1,0,1,0,4,1,72.63
1,1,0,1,1,11,8,172,1,0,1,0,7,0,85.48
1,1,0,1,1,13,2,112,1,1,1,0,14,1,73.0
1,1,1,1,1,6,7,34,2,0,0,0,13,0,67.98
1,1,1,1,1,12,5,1,0,0,1,0,12,0,96.62
1,1,1,1,1,25,0,515,1,1,1,0,4,0,49.55
1,1,1,0,1,5,1,6,1,1,1,0,17,1,69.38
0,1,1,0,1,20,7,545,0,0,0,0,7,0,49.1
1,1,1,1,1,3,8,130,1,0,1,0,11,1,90.1
1,1,1,0,1,0,7,298,3,1,1,0,13,0,27.64
1,1,1,1,1,5,2,13,1,1,0,0,8,1,55.74
0,0,1,1,1,4,3,12,0,2,1,0,10,0,71.52
1,1,1,1,1,13,3,118,5,0,1,0,17,0,75.54
1,1,1,1,1,9,4,317,1,0,0,0,6,0,67.23
1,1,1,1,1,1,0,61,1,0,0,0,16,1,44.0
0,1,0,1,1,0,1,73,1,1,0,0,9,1,13.41
1,1,1,1,1,0,1,114,2,0,1,1,9,0,22.35
1,1,1,1,1,7,3,272,2,0,1,0,1,0,80.07
0,1,1,1,1,6,3,49,1,0,0,0,3,0,66.98
1,1,1,1,1,1,1,193,0,0,1,0,11,0,68.27
0,1,1,1,1,3,0,172,1,2,1,0,10,0,54.35
1,0,0,0,1,5,0,72,1,1,1,0,11,1,43.83
1,1,1,1,0,6,2,377,1,2,0,1,2,1,1.13
0,1,1,1,1,28,2,190,1,0,1,0,7,0,74.18
1,1,1,1,1,0,12,48,2,1,0,0,18,0,30.05
0,0,1,0,1,4,1,166,2,1,0,0,10,1,34.39
1,0,0,0,1,18,2,43,2,0,1,0,3,0,62.72
1,1,1,1,1,4,8,0,2,0,1,0,9,0,86.51
1,0,1,1,1,4,28,31,1,1,0,0,20,0,66.14
1,0,1,1,1,13,2,144,2,2,1,0,7,1,58.14
1,1,1,1,1,14,4,57,1,0,1,0,14,0,97.45
1,0,1,0,1,6,0,145,0,0,0,0,11,1,43.71
1,1,1,1,1,8,4,28,3,1,0,0,15,0,56.89
1,1,1,0,1,10,5,315,0,1,0,0,10,1,57.03
1,1,0,1,1,3,2,103,1,0,1,0,15,1,74.01
1,1,1,1,1,6,10,63,1,1,0,1,20,1,44.0
1,1,0,1,1,16,8,3,1,2,1,1,7,0,40.29
0,1,1,1,0,6,6,6,1,2,0,1,15,1,11.26
1,1,1,1,1,9,3,207,2,1,0,0,2,0,51.77
1,0,1,0,1,0,2,125,0,0,0,0,12,0,32.35
0,1,1,1,1,3,9,138,3,1,0,0,4,0,46.92
1,1,1,0,1,15,7,100,2,1,1,0,9,1,69.17
1,1,1,0,1,4,8,253,1,1,1,0,15,0,65.98
1,1,1,1,1,5,17,39,0,0,1,0,19,1,100.0
1,1,1,1,1,3,5,107,2,0,0,0,4,1,70.89
1,1,0,1,1,8,0,57,2,1,1,0,18,0,50.75
1,1,1,1,1,0,8,78,1,1,1,0,12,1,58.48
1,1,1,1,1,14,1,140,4,1,1,0,8,1,60.87
1,1,1,0,1,4,11,106,3,0,1,0,14,0,72.1
1,1,1,0,1,4,3,283,2,0,1,0,20,0,72.94
1,1,1,1,1,3,20,141,0,2,1,0,18,0,91.7
1,0,1,1,1,3,2,83,2,0,1,0,10,1,74.83
0,1,1,1,1,2,0,185,1,1,1,0,11,1,41.76
1,1,1,1,1,0,4,264,1,1,0,1,16,1,1.83
1,1,1,0,1,8,1,194,3,3,1,0,0,0,26.22
1,1,1,1,1,2,5,14,1,1,0,0,16,1,48.27
1,1,1,1,1,8,1,20,1,2,0,0,7,0,52.31
1,1,1,1,1,0,0,151,1,1,1,0,14,0,46.86
0,0,1,1,1,16,1,24,3,0,0,0,10,0,46.06
1,0,1,0,1,9,9,117,1,0,1,0,7,1,83.82
0,1,0,1,1,2,2,293,2,0,0,0,10,1,20.76
1,1,1,0,1,12,15,89,3,0,0,0,18,1,49.2
1,1,1,0,1,10,8,0,3,0,1,0,3,1,76.44
1,1,0,1,1,8,0,157,1,0,0,0,6,0,42.21
0,1,1,0,1,31,5,304,1,2,1,0,10,1,55.17
1,1,1,1,1,6,7,23,2,0,0,0,5,0,70.03
1,0,1,1,1,6,5,84,2,0,1,0,2,0,77.85
1,1,1,1,1,6,2,22,0,0,1,0,3,1,91.34
1,0,1,1,1,7,4,43,0,1,1,0,16,1,86.62
1,1,1,1,1,1,1,192,1,1,1,0,14,1,58.53
1,1,1,1,1,9,5,666,1,0,0,0,4,1,53.21
1,0,0,0,1,17,1,53,2,1,0,0,5,1,28.49
1,1,1,1,0,1,12,251,1,2,0,0,12,1,31.74
0,1,1,0,1,2,10,170,0,0,1,0,13,0,71.57
0,1,1,1,1,20,1,592,2,1,0,0,17,1,31.87
1,1,1,1,1,28,7,271,1,0,1,0,2,0,87.78
1,1,1,1,0,14,7,256,1,0,1,0,19,1,76.3
1,1,1,1,1,3,1,51,0,3,0,0,17,1,38.34
1,1,1,1,1,11,7,104,1,0,1,0,17,1,95.19
1,1,1,1,1,8,21,118,0,2,0,0,20,0,57.12
0,1,1,0,1,16,2,294,4,0,0,0,16,1,25.91
1,1,1,1,1,7,6,126,1,1,1,0,14,1,85.14
1,1,1,1,0,5,0,98,1,1,0,1,18,0,2.91
1,1,1,0,1,3,3,380,0,1,1,0,17,1,70.26
1,1,1,1,1,6,8,39,1,1,1,1,18,0,56.12
0,1,1,1,1,7,2,12,2,1,1,0,11,0,64.72
1,1,0,1,1,3,6,454,1,2,0,0,12,1,33.66
1,0,1,1,1,5,4,305,2,1,1,0,4,0,73.26
1,1,1,1,1,0,7,258,3,1,0,0,20,1,19.72
0,1,1,1,1,13,6,101,2,1,1,1,9,1,45.84
1,1,1,0,1,0,1,165,1,1,0,0,15,1,27.47
1,0,1,1,1,35,13,672,1,2,1,0,7,0,52.69
1,1,1,1,1,14,0,201,1,1,1,0,0,0,54.74
1,1,1,0,0,0,0,19,1,1,1,0,17,0,25.92
0,1,1,0,1,5,3,188,3,0,1,0,9,1,62.24
1,1,1,0,1,0,1,44,3,0,1,0,6,0,36.01
0,0,1,1,1,2,3,8,1,0,1,0,3,0,69.2
1,1,1,1,0,5,22,19,1,0,1,0,19,1,84.88
1,1,1,0,1,3,9,148,0,0,0,0,17,1,74.13
1,1,1,1,1,5,3,55,1,2,1,0,14,1,80.16
0,1,1,1,1,7,6,193,3,1,1,0,7,0,66.46
1,1,1,1,1,5,10,124,3,2,0,0,7,0,45.03
1,1,0,1,1,4,2,135,1,2,1,0,3,0,61.8
1,1,1,0,1,11,4,47,0,1,1,0,1,0,83.44
1,1,1,0,1,0,4,34,3,1,0,0,10,1,18.16
1,0,1,1,1,0,2,73,0,1,1,0,11,0,51.68
1,1,1,1,1,22,11,71,0,0,0,0,18,1,84.1
1,1,1,1,1,7,12,124,2,2,0,0,3,1,54.59
0,0,1,1,0,2,8,115,1,0,1,1,3,1,31.95
1,0,1,1,1,0,17,11,1,1,0,1,9,1,9.09
1,0,1,1,1,4,8,42,1,0,0,0,8,1,66.77
1,0,1,1,1,5,0,33,1,1,1,0,9,1,64.06
1,1,1,0,1,8,8,100,1,0,1,0,8,1,88.31
1,0,1,1,1,25,4,12,1,0,1,0,16,1,89.67
1,1,1,0,1,2,4,13,2,0,0,0,2,1,40.16
1,1,1,0,1,3,2,55,1,0,1,0,14,0,75.55
0,1,0,0,1,11,1,156,2,2,1,0,15,0,38.68
1,1,1,1,1,3,12,133,2,1,1,0,10,0,87.11
1,0,1,1,1,0,0,12,5,0,1,0,6,0,24.19
0,1,1,1,1,1,11,183,2,1,1,1,7,1,27.55
1,1,1,0,1,1,10,13,0,0,1,0,19,1,75.27
1,1,1,1,1,2,10,45,1,1,1,0,10,1,71.25
0,1,1,1,1,0,11,104,2,1,0,0,1,0,30.38
0,1,1,1,1,5,7,357,3,2,1,0,20,0,56.18
1,1,1,1,0,5,6,11,3,0,1,0,14,1,70.33
1,1,1,1,1,2,7,81,0,2,1,0,8,1,77.94
1,1,0,1,1,0,0,100,3,3,0,1,12,0,0.0
1,1,1,1,1,1,3,31,1,0,0,1,11,1,31.25
1,1,1,1,1,0,11,2,0,2,1,0,11,1,59.94
1,0,1,0,1,7,25,30,4,0,0,0,14,0,41.13
1,1,1,1,1,0,3,26,3,1,1,0,6,0,43.49
0,1,1,1,1,2,6,109,0,1,0,0,8,1,57.45
1,1,1,1,1,12,4,289,2,0,1,0,10,1,76.82
1,1,1,1,1,4,4,14,1,0,1,0,3,1,97.16
1,1,1,1,1,0,1,227,2,3,0,0,0,0,3.29
1,1,1,1,1,0,3,202,2,0,1,0,8,1,52.31
1,1,1,1,1,6,1,9,0,1,1,0,0,1,74.91
1,1,1,1,0,11,2,121,1,0,1,0,16,1,71.73
1,1,1,1,1,2,1,28,1,1,1,0,7,1,64.52
1,1,1,0,1,26,5,176,2,1,1,0,11,0,65.46
0,1,1,1,1,1,5,34,3,1,0,0,18,1,38.89
1,1,1,0,1,3,2,34,2,1,0,0,0,1,43.2
1,0,1,0,1,35,0,116,0,1,0,0,7,0,38.22
0,1,1,1,1,10,4,6,1,1,0,0,14,1,59.15
1,1,1,1,1,4,7,0,1,2,1,0,0,1,73.96
1,0,1,1,1,14,22,51,1,1,1,1,10,1,52.02
1,0,1,1,1,18,13,87,1,2,1,0,14,0,72.12
1,0,1,0,1,5,0,68,1,1,1,0,2,1,44.26
0,1,1,0,1,0,3,117,3,4,1,0,16,1,17.59
1,1,1,1,0,3,8,43,0,0,1,0,14,0,92.48
1,1,1,1,1,5,18,13,3,0,0,0,4,0,57.46
1,1,1,1,1,19,6,140,0,0,0,0,15,1,78.19
1,1,1,1,1,18,0,183,1,1,0,0,12,0,38.01
1,1,1,1,1,4,4,215,1,1,0,0,11,1,63.18
1,1,1,0,1,13,3,122,2,1,0,0,2,1,50.37
1,1,1,1,1,4,0,409,1,0,1,0,3,0,64.23
1,1,1,1,1,2,1,330,0,1,1,0,0,0,71.21
1,1,1,0,1,4,3,104,0,1,0,0,18,0,54.86
0,1,1,1,1,23,1,366,1,2,0,0,3,0,32.01
1,1,1,0,1,0,4,50,2,2,1,0,11,1,36.44
0,1,1,0,1,3,0,93,2,2,1,0,10,1,38.77
1,1,1,0,1,0,13,37,1,0,0,1,20,0,7.71
1,0,1,1,1,2,13,110,1,0,0,0,14,1,50.64
0,1,0,0,1,22,0,39,0,1,1,0,1,1,51.38
1,1,0,1,1,2,17,26,2,1,1,0,20,1,64.05
1,1,1,1,1,0,2,78,2,1,1,0,0,1,42.42
1,1,1,1,1,2,4,83,4,0,1,0,16,0,60.54
1,0,1,1,1,5,3,148,0,0,1,0,20,0,90.4
1,1,1,1,1,14,15,15,2,0,1,0,14,1,84.61
0,1,1,1,1,2,4,307,1,0,1,0,15,0,67.46
1,1,1,1,1,3,0,45,1,1,1,0,18,0,67.47
0,1,1,1,1,5,9,132,0,1,1,0,11,1,84.8
1,1,1,1,1,6,0,83,1,0,1,0,20,0,69.8
1,1,1,0,1,0,5,92,1,1,1,0,17,1,51.37
1,1,1,1,1,4,6,96,3,2,1,0,19,0,64.89
1,1,1,1,1,9,0,57,1,4,1,0,13,0,48.25
0,1,1,1,1,0,7,1037,0,0,0,0,0,1,30.99
0,0,1,1,0,3,4,46,2,2,1,0,4,1,48.75
1,1,1,0,1,7,16,51,1,1,1,0,10,0,74.91
1,1,1,1,1,20,6,47,0,1,0,1,19,0,40.87
1,1,1,1,1,6,7,163,2,0,1,0,14,1,87.85
1,1,1,1,1,7,8,598,2,1,0,1,13,0,13.07
1,1,1,1,1,1,1,194,0,0,1,0,4,0,69.28
1,1,1,1,1,5,7,111,1,2,0,0,0,0,61.31
1,1,1,0,1,9,34,45,1,0,1,0,4,1,85.48
0,1,1,0,1,11,9,121,0,0,1,0,11,1,87.14
1,1,1,1,1,1,0,59,3,0,1,0,7,1,47.09
1,1,1,1,1,3,2,134,2,0,1,0,7,0,73.79
1,1,1,1,1,0,1,20,1,0,1,0,9,0,61.27
1,0,1,0,1,7,8,34,2,0,1,0,18,1,70.38
1,1,1,0,1,2,9,10,3,1,0,0,15,0,27.47
1,1,1,1,1,1,12,77,1,1,1,0,11,0,75.71
1,0,1,1,1,3,2,313,0,2,1,1,5,1,34.89
1,0,1,0,1,11,8,16,0,0,1,0,1,1,78.85
1,1,1,0,1,14,1,34,1,1,1,0,19,1,65.95
1,1,1,1,1,13,3,29,1,1,0,0,4,1,63.69
1,0,1,0,1,1,3,109,3,1,1,0,10,1,45.4
1,1,1,0,1,4,6,489,2,0,1,1,12,1,32.39
1,1,0,0,1,2,3,251,4,0,1,0,6,1,42.96
1,1,1,1,1,1,8,308,1,0,1,0,20,0,75.33
1,1,1,1,1,4,0,118,1,1,0,1,17,0,18.55
1,0,1,0,1,1,0,106,0,1,0,0,6,1,24.94
0,1,1,1,1,4,2,61,1,0,1,0,5,1,78.07
1,1,0,1,1,8,1,149,2,2,0,0,13,1,35.26
1,1,1,1,1,10,2,75,3,1,1,0,2,1,67.0
1,0,1,1,1,8,2,203,0,0,1,0,10,1,78.48
0,1,1,1,1,9,3,45,2,1,1,0,8,1,79.31
1,0,1,0,1,3,7,49,3,1,1,0,11,1,59.03
0,1,1,1,0,0,0,67,0,0,1,0,15,0,35.56
0,1,1,1,1,0,9,53,1,0,0,0,6,1,52.13
0,1,0,1,1,23,2,60,4,0,1,0,14,1,56.56
1,1,1,0,1,6,4,28,0,1,0,0,15,0,64.04
1,0,1,1,1,2,3,59,3,1,1,0,7,0,59.48
1,0,1,1,1,4,1,137,4,0,1,0,16,0,66.9
1,1,1,0,1,1,2,166,2,1,1,0,4,0,45.8
1,1,1,1,1,17,15,205,2,1,1,0,1,1,74.46
1,1,1,1,1,2,12,67,3,1,1,0,3,1,59.27
1,1,1,1,1,16,3,83,2,1,1,0,16,1,80.58
1,1,1,0,1,7,25,264,0,2,0,0,20,1,46.18
1,0,1,1,1,12,1,42,0,1,1,0,17,0,79.58
1,1,1,1,1,6,1,75,4,0,1,0,20,1,67.43
1,1,1,1,1,27,4,0,0,1,0,0,5,1,72.43
0,1,0,1,1,0,0,104,1,1,1,0,6,0,22.5
1,1,1,1,1,0,4,9,0,0,1,0,3,1,76.28
1,1,0,0,1,7,13,356,2,1,1,0,15,1,59.17
1,1,1,0,0,0,5,728,3,0,1,1,12,1,0.0
1,1,1,0,1,2,1,567,3,2,0,0,15,0,1.7
1,1,1,1,1,0,22,7,0,0,1,0,0,0,71.95
0,1,1,1,1,7,6,158,2,1,1,0,17,1,73.9
1,1,1,0,1,1,2,137,0,0,1,0,6,0,71.93
1,1,1,1,1,9,2,53,0,1,1,0,5,0,83.19
0,1,1,1,1,24,8,21,1,0,1,0,3,1,88.81
0,1,1,1,1,5,10,92,2,1,1,1,0,0,43.66
0,1,1,1,1,4,9,22,0,0,1,0,2,1,94.34
1,1,1,1,1,8,2,26,0,0,1,0,2,0,91.04
1,1,1,0,1,3,4,63,0,1,1,0,15,1,83.08
1,1,0,0,1,2,0,71,1,0,1,0,1,0,45.62
1,1,1,0,1,1,1,123,1,0,0,0,4,1,40.38
1,0,1,1,1,3,0,20,2,1,0,0,13,1,32.34
1,1,0,1,0,0,2,61,1,0,1,0,20,1,45.58
1,1,1,1,1,8,1,51,1,1,0,0,13,1,60.43
1,1,1,0,1,12,1,6,2,1,1,0,9,1,62.89
1,0,1,1,1,6,14,12,0,0,0,0,10,1,73.61
1,1,1,1,1,15,0,99,2,0,1,0,1,1,67.81
1,1,1,0,1,16,3,192,3,1,1,0,6,1,51.91
1,1,1,1,1,1,3,17,3,0,0,0,1,1,44.19
1,1,1,1,1,6,9,53,2,3,1,0,14,1,62.35
1,1,1,1,1,5,6,1,0,0,1,0,19,0,97.0
1,1,1,1,1,11,2,40,3,2,1,0,18,1,56.45
1,1,1,1,1,7,4,96,3,1,1,0,4,1,73.18
1,1,1,0,1,0,2,20,0,0,0,0,6,0,35.63
1,0,1,0,1,9,1,140,1,1,1,1,13,0,36.93
0,1,1,0,1,3,0,38,0,4,1,0,3,1,43.51
1,1,1,1,1,0,0,49,2,0,0,0,18,0,23.94
1,1,1,1,1,2,11,175,2,0,1,0,11,0,71.55
1,0,1,1,1,7,13,129,5,1,1,0,16,1,61.49
0,1,1,0,1,7,12,56,1,0,1,0,11,0,78.15
0,1,1,1,1,8,9,29,0,1,1,0,5,1,88.23
1,0,1,1,1,2,8,726,4,2,1,0,4,0,25.18
1,1,1,1,1,13,2,22,2,0,1,0,20,0,84.06
1,1,1,1,1,0,0,198,2,1,1,0,14,1,33.3
1,1,1,1,1,19,5,144,2,0,1,0,13,0,86.79
1,1,1,0,1,1,0,155,3,1,1,0,0,1,28.81
1,1,1,0,1,7,3,636,0,3,0,1,20,0,0.0
1,0,1,0,1,7,2,55,1,0,0,0,12,1,53.17
1,1,1,1,1,21,6,40,0,0,1,0,8,0,97.26
1,1,1,0,1,19,0,467,0,0,1,0,10,1,54.95
1,1,1,1,1,4,13,273,1,1,1,0,5,1,79.38
0,1,1,1,1,8,11,28,1,1,1,0,9,1,80.12
0,1,1,1,1,0,0,39,4,1,0,0,7,0,0.0
1,1,1,1,1,8,5,398,2,1,1,0,19,0,62.49
1,1,1,1,1,3,0,22,2,1,1,0,4,0,59.06
1,1,1,1,1,0,9,231,1,0,1,0,16,0,64.09
1,1,1,1,1,12,6,76,0,1,1,0,18,0,89.8
1,1,1,1,1,11,3,30,4,0,0,0,11,1,53.78
1,1,1,1,1,10,10,65,1,0,0,0,1,0,73.92
1,1,1,0,1,11,14,116,2,1,1,0,13,0,63.52
0,1,1,1,1,23,4,6,0,0,1,0,16,0,93.76
0,0,1,1,1,10,17,39,3,0,1,0,15,1,76.51
1,1,1,1,1,22,12,56,2,2,1,0,9,0,73.03
1,1,1,0,1,3,0,187,1,1,1,0,2,0,45.13
1,1,1,0,1,3,2,110,3,0,0,0,16,0,40.12
0,1,0,0,1,3,29,27,1,0,0,0,7,0,51.25
1,1,0,1,1,8,12,6,0,1,1,0,19,1,84.24
0,1,1,0,1,19,0,32,2,2,1,0,13,1,36.14
1,1,1,1,1,4,2,51,1,1,1,0,6,0,81.49
1,0,1,1,1,3,8,14,2,1,0,0,19,0,57.78
1,1,1,1,1,1,7,25,1,0,0,0,11,1,55.78
1,1,1,1,1,0,0,56,3,1,1,0,13,0,29.46
1,1,1,1,1,2,10,77,2,0,1,1,13,1,40.05
1,1,1,1,1,16,13,72,2,2,1,0,1,0,71.2
1,1,1,0,0,2,9,379,1,0,1,0,14,1,48.98
0,1,1,1,1,7,0,133,0,1,0,0,9,1,46.56
1,0,1,1,1,11,7,38,1,2,0,0,9,1,52.89
1,1,1,1,0,2,20,22,1,1,0,1,16,0,12.25
1,1,1,0,1,7,8,109,2,1,1,0,9,0,73.32
1,1,1,1,1,1,6,50,1,0,1,0,16,1,83.24
0,1,1,1,1,0,6,33,3,0,1,0,7,0,49.33
0,1,0,1,1,12,8,58,1,1,1,0,5,1,72.52
1,1,1,1,1,16,8,168,1,2,1,0,10,1,76.73
1,1,1,1,1,5,2,162,3,1,1,0,13,1,65.6
0,1,1,1,1,0,1,326,2,1,1,0,20,0,34.84
1,1,1,1,1,0,1,48,1,1,0,0,8,1,38.5
1,1,1,1,1,1,17,123,1,1,1,0,9,1,72.11
1,1,1,1,1,6,10,118,1,1,0,0,2,1,63.8
1,0,1,1,1,1,5,213,2,1,1,0,18,1,52.93
1,0,0,0,1,4,14,174,1,1,1,0,3,1,65.37
0,1,1,0,1,8,10,54,1,2,1,0,0,0,65.37
0,1,1,1,1,8,2,72,2,1,1,0,5,1,66.93
1,1,0,1,0,29,0,231,2,1,1,0,6,1,34.79
1,1,1,1,1,3,8,47,4,0,1,0,10,1,73.65
0,1,1,0,1,14,4,139,2,1,1,0,18,0,65.02
1,1,1,0,1,20,20,249,3,1,1,0,5,1,58.76
0,1,1,1,1,3,2,31,3,2,1,1,9,1,23.32
1,1,1,1,1,5,2,25,2,1,0,0,1,1,54.99
1,1,1,0,1,3,2,139,2,0,1,0,6,0,67.71
1,1,1,1,1,4,10,104,0,1,1,0,7,0,90.52
1,1,0,1,1,15,3,19,1,1,0,0,17,1,59.87
1,1,1,1,1,5,1,0,1,3,1,0,8,1,63.92
1,1,1,0,1,4,2,64,2,0,1,0,5,1,65.04
1,1,1,1,1,8,7,99,2,1,0,0,4,1,62.9
1,1,1,0,1,13,8,46,1,0,1,0,13,1,82.7
0,1,1,1,1,7,0,160,2,1,0,0,18,1,41.56
1,1,1,1,1,1,1,143,2,2,0,0,11,1,29.74
1,1,1,0,1,12,0,121,4,3,1,0,17,1,26.61
1,1,1,1,0,21,0,132,1,0,1,0,7,1,66.15
1,1,1,1,1,11,5,66,3,0,0,0,7,0,72.19
1,1,1,1,1,2,13,53,1,1,1,0,3,1,77.37
1,1,1,1,1,14,11,106,1,1,1,0,8,0,86.69
1,1,0,1,1,7,8,50,1,1,0,0,20,1,60.51
1,1,1,1,1,5,4,7,1,0,1,0,3,0,90.8
1,1,1,1,1,33,9,269,1,2,1,0,16,0,68.4
0,0,1,0,1,12,8,1,1,1,1,1,1,1,34.83
1,1,1,1,1,4,8,31,1,0,1,0,7,1,97.08
1,1,1,1,1,2,1,102,1,1,1,0,15,0,64.11
1,0,1,1,1,8,6,127,1,1,1,0,2,0,87.0
1,1,0,1,1,15,0,41,2,2,1,0,5,0,41.65
1,1,1,0,1,11,0,97,3,1,1,0,14,0,44.39
1,1,1,0,1,6,2,644,1,0,1,0,9,0,59.23
1,1,1,1,1,2,6,126,2,2,1,0,6,0,59.44
0,1,1,1,1,13,7,23,3,0,0,0,5,1,59.52
1,1,1,0,1,2,10,13,2,1,0,0,1,0,37.52
1,1,1,0,1,9,12,131,0,2,1,0,1,1,73.27
0,1,1,1,1,4,0,84,4,0,0,0,0,0,31.45
0,1,1,0,1,1,8,76,2,1,0,0,10,1,32.49
1,1,1,1,1,23,7,11,1,2,1,0,14,0,79.75
0,1,1,1,1,23,4,18,1,2,0,0,13,1,56.85
1,1,0,0,1,23,8,13,1,1,1,0,15,1,69.85
1,1,1,1,1,10,4,4,2,2,1,0,17,0,68.66
1,1,1,1,1,2,3,145,3,0,1,0,16,1,70.75
0,1,1,1,1,1,1,27,2,0,1,0,9,1,55.68
1,0,1,1,1,3,12,49,1,3,1,0,20,0,65.28
0,1,1,0,1,2,6,248,0,1,1,0,3,1,60.73
1,1,1,1,1,7,5,74,1,0,1,0,5,1,95.19
1,1,0,1,1,40,3,169,3,2,0,0,13,1,37.65
1,1,1,1,1,10,18,11,1,0,0,1,7,0,44.7
1,0,1,1,1,3,6,34,2,1,1,1,11,0,48.49
1,0,1,0,1,6,15,32,2,1,1,0,7,0,61.83
1,1,1,1,1,1,6,245,0,0,1,1,18,1,50.78
1,1,1,1,1,7,3,17,1,1,1,0,11,0,84.35
1,1,1,1,1,25,1,69,0,2,1,0,17,0,74.47
0,1,1,1,1,12,6,60,0,0,0,0,12,0,76.84
1,1,1,1,0,5,8,410,1,0,1,0,7,1,68.9
1,1,1,1,1,12,6,39,1,0,1,0,7,0,92.09
1,1,1,0,1,0,18,12,1,1,1,0,13,0,53.22
1,0,1,1,1,2,0,121,5,0,1,1,12,0,0.0
1,1,1,0,0,2,3,4,1,1,1,0,1,1,53.37
1,1,1,0,1,0,0,36,2,1,1,0,20,1,22.34
1,1,1,0,1,0,0,59,0,0,1,0,10,1,43.13
1,1,1,1,1,0,1,137,1,2,1,0,16,1,40.14
1,1,1,0,1,0,15,139,1,1,0,0,11,0,26.98
1,1,1,1,1,14,3,11,3,0,1,0,7,1,81.77
1,1,0,1,1,3,7,8,1,0,1,0,17,1,90.61
1,1,1,0,1,5,6,95,1,1,1,0,1,1,78.99
1,1,1,1,1,6,0,202,2,0,1,0,10,1,60.63
1,1,1,0,1,2,15,7,2,0,0,0,1,0,42.74
1,1,1,1,1,2,3,19,2,0,0,0,16,1,57.5
1,1,1,1,1,2,6,52,2,2,1,0,8,0,59.21
1,1,1,0,1,0,3,35,2,0,1,0,20,0,46.42
0,1,1,1,1,0,10,332,0,0,1,0,3,0,64.34
0,1,1,1,1,1,0,6,0,2,1,0,18,1,48.98
1,1,1,1,1,10,0,148,2,0,1,0,16,1,71.45
1,1,1,1,1,5,9,109,2,0,1,1,14,0,56.13
1,1,1,1,1,2,0,98,1,0,1,0,16,1,61.03
1,1,1,0,1,23,5,0,2,2,1,0,11,0,62.64
0,1,1,1,1,3,7,67,1,2,1,1,1,0,41.58
1,1,1,1,1,1,10,96,4,0,1,0,12,1,64.96
0,1,1,0,1,0,18,172,1,0,1,0,4,1,54.18
1,1,1,1,1,1,9,217,0,2,0,0,0,0,49.78
1,1,1,1,1,3,7,27,1,0,0,0,14,0,74.14
1,1,0,1,1,0,2,207,4,1,1,0,18,1,13.93
1,1,0,1,1,11,1,50,2,2,1,0,17,1,48.94
1,0,0,1,0,13,7,82,2,1,0,0,20,0,37.05
1,1,1,0,1,9,6,84,0,3,1,0,13,1,66.05
1,0,1,1,1,2,8,15,0,1,1,0,14,1,72.04
1,1,1,0,1,3,3,20,2,0,0,0,4,1,61.78
1,0,1,1,1,15,4,291,2,1,1,0,18,0,72.42
1,0,1,0,1,9,4,48,0,1,1,0,7,0,76.41
1,1,1,0,1,3,3,81,2,0,1,0,19,1,75.82
1,1,1,1,1,0,8,38,2,1,0,0,1,0,33.69
1,1,0,1,1,0,8,112,1,0,1,0,5,0,64.14
1,1,1,1,1,20,8,35,0,0,1,0,19,0,100.0
1,0,1,1,1,1,3,119,3,0,0,1,14,1,9.09
1,1,1,1,1,8,7,371,1,1,1,0,1,1,71.66
1,1,1,0,1,7,9,141,1,0,1,0,10,0,83.5
1,1,1,1,1,0,0,310,2,1,1,1,1,0,0.0
0,1,1,1,1,3,3,958,2,2,1,1,14,1,24.08
1,1,1,1,1,3,3,191,0,1,1,1,14,0,54.15
1,1,1,0,1,0,14,62,1,0,1,1,5,1,28.42
1,0,1,0,1,8,28,102,2,1,1,0,13,0,62.84
1,1,0,1,1,35,4,476,0,2,1,0,19,0,63.12
1,0,1,1,0,13,2,8,3,1,1,0,15,0,53.38
1,1,1,0,1,4,3,62,0,0,1,0,10,0,89.11
1,1,1,1,1,4,4,30,2,0,1,0,16,1,91.59
1,1,1,1,1,2,20,3,3,1,1,0,3,0,64.52
1,1,1,1,1,3,2,214,2,0,1,0,3,0,75.44
0,1,1,1,0,26,1,350,3,0,1,0,15,1,54.82
1,0,1,1,1,6,11,143,2,1,1,0,10,1,75.79
1,1,1,1,0,8,2,50,1,3,1,0,18,1,48.86
1,1,0,1,1,5,5,29,1,2,0,0,6,0,51.53
1,1,1,1,1,7,4,139,3,1,1,1,13,1,44.61
1,1,0,0,1,19,8,34,2,1,0,0,8,1,44.54
1,0,1,0,1,0,4,13,2,2,1,0,19,1,33.94
1,1,1,1,1,2,8,355,3,1,1,0,20,1,49.78
1,0,1,1,1,11,5,0,0,0,1,0,10,1,89.88
1,1,0,1,1,5,4,37,0,3,1,0,0,0,69.93
0,1,1,1,0,3,17,30,0,2,0,0,13,1,49.44
1,0,1,0,1,0,3,64,2,0,1,0,4,1,47.58
0,1,1,1,1,14,8,18,2,1,1,0,11,1,73.87
1,1,1,1,1,7,10,183,0,0,1,1,10,1,54.72
1,1,1,0,1,0,11,164,1,2,1,1,11,1,15.47
1,0,1,1,1,20,5,28,2,0,1,0,11,1,83.39
1,1,1,1,1,0,1,4,3,0,1,0,18,1,51.65
0,1,1,1,0,44,29,268,1,0,0,0,15,0,53.64
0,1,0,0,1,3,10,181,2,2,1,0,12,0,42.62
1,1,1,0,1,17,0,29,1,1,1,0,8,1,58.91
1,1,1,1,1,1,1,68,1,0,1,0,6,0,70.11
1,1,1,1,1,1,1,92,2,2,1,0,10,0,56.8
1,1,1,1,1,3,2,554,0,0,0,0,1,0,55.82
1,1,1,0,1,0,3,10,1,2,0,0,18,0,26.47
1,0,1,1,1,2,1,54,2,1,1,0,20,0,54.49
1,0,1,0,1,9,10,67,0,0,1,0,14,1,85.9
1,1,1,1,1,5,6,17,3,1,1,1,2,1,45.91
0,0,1,1,1,14,1,2,2,2,1,0,15,1,49.22
1,1,1,0,1,21,0,47,2,1,1,1,4,0,23.96
0,1,1,1,1,4,2,134,2,0,1,1,16,1,46.49
1,0,1,1,1,42,1,57,1,0,1,0,12,1,82.91
1,1,1,1,1,0,8,132,0,1,1,1,20,1,38.46
1,1,1,1,1,4,3,254,4,2,1,1,7,1,24.3
0,1,1,1,1,28,2,62,4,1,0,0,20,1,31.31
1,1,1,1,1,12,4,172,2,0,1,0,13,1,90.85
0,1,1,1,1,8,22,105,1,0,1,0,17,0,87.54
1,1,1,1,1,7,3,81,2,0,1,0,6,1,90.83
1,1,1,1,1,23,12,136,5,0,1,0,17,1,66.96
0,1,1,0,1,1,9,12,2,1,1,0,13,1,52.02
1,1,1,1,1,3,1,104,2,0,0,0,12,0,59.55
1,1,1,0,1,0,1,337,3,2,1,0,5,0,13.01
1,1,1,1,1,10,5,60,2,0,1,0,19,0,84.53
1,1,1,1,1,7,1,48,3,0,1,0,8,0,75.42
1,1,1,1,1,9,4,28,1,0,0,0,4,0,70.12
1,1,1,1,1,0,2,124,2,0,1,0,0,1,54.08
1,1,1,0,1,24,3,338,5,1,0,0,15,1,26.48
1,1,1,1,1,14,1,19,1,0,0,1,2,1,35.23
1,1,1,1,1,8,1,547,2,2,1,0,6,0,48.65
1,1,1,0,1,6,7,264,0,0,1,0,0,1,82.64
1,0,0,1,1,2,5,200,1,0,0,0,13,1,37.8
1,0,1,0,1,8,5,128,3,0,1,0,18,0,64.07
1,1,1,1,1,6,8,104,1,1,1,0,10,0,85.54
1,1,0,1,1,1,15,188,2,0,1,0,12,0,61.3
1,1,1,1,1,8,12,219,2,0,1,0,20,0,76.74
1,1,1,1,1,7,6,33,1,0,1,1,15,1,63.63
1,1,1,1,1,4,3,7,0,1,1,0,18,1,90.9
0,0,1,1,1,7,5,12,0,1,1,0,15,0,82.53
1,1,1,1,1,31,2,101,4,0,1,0,0,0,68.39
1,1,1,1,1,5,7,162,1,0,0,0,5,1,75.72
1,0,1,1,1,5,6,285,2,0,1,0,4,0,74.4
1,1,1,1,1,0,26,68,2,1,1,0,4,1,55.55
1,1,1,1,1,1,11,89,0,1,1,0,6,0,76.51
1,1,1,1,1,8,11,82,2,2,1,0,10,0,70.93
1,1,1,1,1,1,4,52,0,1,1,0,1,1,83.88
1,1,1,1,1,0,6,93,0,0,1,0,0,0,76.27
1,1,1,1,1,5,20,35,4,1,1,0,14,1,70.45
1,1,1,0,1,8,2,48,2,2,0,0,14,0,31.26
1,1,1,1,1,15,1,240,3,1,1,1,5,1,25.96
1,0,0,0,1,6,6,33,2,1,0,0,5,0,35.16
1,1,1,1,1,4,5,239,1,2,1,0,19,0,73.5
1,1,1,1,1,0,4,162,1,2,1,0,17,0,57.77
1,1,1,1,1,7,6,89,1,1,1,0,16,1,89.51
1,1,1,1,1,0,5,91,1,1,0,0,19,1,40.19
0,1,1,1,1,2,3,39,1,0,1,0,4,0,71.9
1,1,1,1,1,15,5,315,3,1,0,0,15,0,43.8
1,1,1,1,1,1,5,122,3,0,1,0,18,0,65.84
1,1,1,1,1,2,2,100,4,2,1,0,5,0,39.67
0,1,1,0,1,7,1,257,2,0,1,1,13,0,24.62
1,1,1,1,1,5,16,206,3,1,1,0,12,1,57.53
0,1,1,1,1,5,4,173,1,0,1,0,20,1,83.77
0,1,1,0,1,4,0,322,2,0,1,0,16,1,42.93
1,1,1,1,1,43,4,47,1,1,1,0,1,1,87.2
1,1,1,1,1,4,17,270,0,1,1,1,0,1,51.64
0,1,1,0,1,4,0,87,0,1,1,0,0,0,54.31
1,0,1,1,1,4,1,96,2,2,0,0,14,0,40.72
1,1,0,1,1,15,3,4,2,0,1,0,0,1,76.8
1,1,1,1,1,10,2,118,3,0,1,0,19,1,68.95
0,1,1,0,1,1,0,111,3,0,1,0,4,1,37.09
1,1,1,1,1,1,12,88,2,2,1,0,17,1,58.96
0,1,1,0,1,5,3,0,1,0,0,0,18,0,62.2
1,1,1,1,1,20,1,236,2,0,0,0,3,0,52.89
0,1,1,1,0,4,3,653,0,2,1,0,7,1,54.36
1,1,1,0,1,11,6,69,1,2,0,0,0,0,45.81
0,1,1,1,1,5,0,118,1,1,0,0,16,0,44.19
1,1,1,1,1,1,4,19,3,1,0,0,9,0,41.03
0,1,1,1,1,0,2,88,2,0,1,0,3,0,52.04
1,1,1,0,1,0,1,130,2,2,1,0,9,0,29.04
1,1,1,0,1,0,12,101,4,1,1,1,12,0,4.72
1,1,1,1,1,15,6,84,2,0,1,0,20,0,86.86
1,1,1,1,1,3,4,163,1,1,1,0,7,0,83.46
0,1,1,1,1,2,6,183,2,2,1,0,12,1,46.65
1,0,0,0,1,7,17,95,1,0,1,1,17,1,41.94
1,1,1,0,1,2,6,56,2,0,1,0,18,1,67.72
1,0,1,1,1,0,3,62,4,0,1,0,7,1,46.82
1,1,1,1,1,6,2,12,1,0,1,0,13,0,87.03
0,1,1,1,1,0,3,108,2,2,1,0,5,1,40.2
1,1,1,1,1,22,4,54,0,0,1,0,20,1,100.0
1,0,1,1,1,3,4,324,2,0,1,0,12,1,73.0
1,1,1,1,1,4,0,36,0,1,0,0,13,0,55.2
1,1,1,1,1,12,8,40,1,0,0,0,18,1,67.58
0,1,1,1,0,7,3,67,5,0,1,0,17,1,54.41
1,1,1,1,1,1,3,64,2,0,1,0,3,0,80.99
1,1,1,1,1,1,2,39,1,0,1,0,2,1,72.57
0,1,1,1,1,2,0,139,1,1,1,0,18,1,46.77
1,0,1,1,1,5,0,61,0,4,1,0,16,1,50.42
1,1,1,0,1,0,2,27,3,2,1,0,19,0,26.62
1,0,1,0,1,4,1,252,1,0,1,0,13,0,63.81
1,1,1,1,1,6,11,172,0,0,1,0,14,1,97.9
1,1,1,1,1,12,1,80,2,0,1,0,12,0,76.9
1,1,1,0,1,2,6,273,1,0,1,0,5,0,63.84
0,0,1,1,1,5,5,50,0,1,1,1,17,1,53.96
1,1,1,1,1,17,0,1,1,1,1,0,0,0,65.59
1,1,1,1,1,6,7,295,1,2,1,0,6,0,70.74
1,1,1,0,1,19,2,33,0,1,0,0,18,1,51.18
0,1,1,1,1,2,2,7,4,1,1,1,13,1,11.76
1,1,1,1,1,7,0,308,2,0,1,0,17,1,60.66
0,1,1,1,1,11,2,373,1,0,1,0,9,0,64.57
1,1,1,1,1,0,0,114,3,0,1,0,19,1,38.83
1,1,1,1,1,0,4,65,0,0,1,0,5,0,72.7
0,1,1,0,1,29,0,39,1,0,1,0,19,0,51.04
1,1,1,1,1,8,1,190,3,0,1,0,20,1,62.11
1,1,1,1,1,10,11,114,1,0,1,0,7,1,94.26
1,1,1,1,1,1,3,136,2,0,0,0,1,0,52.98
1,1,1,1,1,2,8,55,4,1,1,0,17,0,51.3
1,1,1,0,1,7,10,22,2,0,0,0,6,0,59.22
1,1,1,1,1,8,2,2,0,0,0,0,7,1,69.72
1,0,1,1,1,7,0,25,2,2,1,0,20,1,44.87
1,1,1,1,0,1,1,196,1,2,1,0,13,0,35.03
0,0,1,0,1,1,15,28,2,1,1,0,13,0,53.59
0,1,0,1,1,3,1,171,2,1,1,1,7,0,25.45
0,0,1,0,1,0,0,71,1,2,1,0,10,1,11.85
1,0,1,1,1,3,4,109,1,0,1,0,10,0,87.54
1,1,1,0,1,2,5,10,2,1,0,0,5,0,36.1
1,1,1,0,1,5,8,78,3,1,1,0,10,1,65.53
0,1,1,0,1,4,2,130,0,0,1,0,2,1,76.44
0,0,1,1,1,15,4,188,4,0,0,0,3,0,42.19
1,1,1,1,1,7,7,61,0,0,1,0,3,1,100.0
0,1,1,0,1,2,1,145,0,2,1,1,9,1,20.83
1,0,1,0,1,10,13,259,3,1,1,0,0,1,50.0
1,1,1,1,1,3,8,0,3,3,1,0,20,1,62.27
0,1,1,0,0,0,6,4,2,3,1,0,6,1,18.24
1,1,1,1,1,1,16,401,3,0,1,0,13,0,53.23
0,1,1,1,1,19,2,16,1,1,1,0,14,1,73.99
1,1,0,1,1,2,6,43,1,0,1,1,2,1,37.65
1,1,1,1,1,4,1,167,1,2,1,0,1,1,69.97
1,1,1,0,1,20,1,6,0,2,1,1,19,1,39.08
0,1,1,0,1,4,2,8,2,0,0,0,8,0,47.43
1,1,1,1,1,12,0,4,2,5,1,0,3,0,44.01
1,1,1,1,1,8,2,66,1,1,0,0,3,1,59.07
0,1,1,1,1,6,5,138,1,0,1,0,1,0,84.24
1,1,1,1,1,3,11,39,2,0,1,0,15,0,87.38
1,1,1,1,1,5,3,110,1,1,1,0,16,1,85.9
0,1,1,0,1,9,9,46,0,0,1,0,18,0,82.28
0,1,1,1,1,6,3,124,1,2,1,0,18,0,74.11
1,1,1,1,1,6,4,90,2,0,1,0,12,1,82.87
1,1,1,1,1,2,3,121,5,3,1,0,8,0,34.65
1,1,1,1,1,1,4,124,2,0,0,0,17,1,51.87
1,0,1,0,1,1,6,15,1,0,0,0,4,1,51.63
0,1,1,0,1,3,3,17,0,1,1,0,6,1,72.74
1,1,1,1,1,9,19,36,2,0,1,0,15,1,88.03
1,0,1,1,1,15,1,184,0,0,1,0,4,0,78.56
1,0,1,1,1,3,4,8,1,0,1,0,10,0,87.86
1,1,1,1,1,3,18,280,2,0,0,0,18,0,62.22
1,1,1,1,1,9,1,42,1,2,0,0,14,1,49.56
1,1,1,0,1,12,0,104,5,1,1,0,3,1,35.21
1,1,1,0,1,1,17,135,1,0,1,0,18,0,76.3
1,1,1,1,1,1,10,16,3,1,1,0,1,1,56.42
1,1,1,1,1,0,8,173,1,1,1,0,3,0,61.82
0,1,1,1,1,1,5,15,2,2,0,0,17,0,39.77
1,0,0,1,1,4,2,117,1,1,1,0,17,0,63.56
1,1,1,1,1,1,6,500,3,0,1,0,7,1,55.81
0,1,1,1,1,4,2,54,1,2,1,0,15,1,64.2
0,1,1,1,1,5,0,27,0,2,1,0,3,1,62.97
0,1,1,1,1,39,0,319,3,0,1,0,15,1,47.79
1,1,1,1,1,1,0,55,1,1,0,0,7,0,28.07
0,1,1,1,1,0,13,143,1,1,1,1,2,0,27.35
1,0,1,0,1,26,2,163,1,0,1,0,6,1,75.42
1,1,0,1,1,28,0,354,0,0,1,0,6,0,67.09
0,1,1,0,0,33,2,16,2,0,1,0,12,0,60.95
1,1,1,1,1,21,1,53,0,2,0,0,13,1,56.53
1,1,1,1,1,3,14,69,2,0,1,0,14,1,87.54
1,1,0,1,1,8,5,225,3,1,1,1,10,0,24.13
1,0,1,1,1,4,11,332,0,1,1,0,13,0,78.1
1,1,1,1,1,13,3,41,2,1,1,1,8,0,52.01
1,1,0,1,1,9,2,79,1,2,0,0,5,0,44.24
1,1,1,1,1,2,15,2,3,1,1,0,20,0,59.18
1,1,1,0,1,0,0,35,0,0,0,1,11,0,0.0
1,1,0,1,0,2,3,227,2,0,1,0,16,1,50.92
1,1,1,1,1,0,30,96,2,1,1,0,12,0,58.21
1,1,0,0,0,5,2,9,0,0,0,0,3,1,42.87
1,1,1,0,1,3,2,2,1,0,1,0,0,0,74.32
1,1,1,1,1,9,3,195,2,0,0,1,12,1,29.45
1,1,1,0,1,2,10,144,0,0,1,0,15,0,75.85
1,1,0,1,1,2,5,39,2,0,0,0,19,1,51.02
0,1,0,1,1,5,8,241,2,0,0,0,14,1,47.95
1,1,1,1,1,7,7,182,1,2,1,0,18,0,70.31
1,1,1,1,1,39,0,0,1,0,1,0,17,0,72.65
1,1,1,0,1,6,11,83,2,0,1,0,15,1,81.0
1,1,1,1,1,15,3,27,2,1,1,0,8,1,83.16
1,1,1,1,1,15,5,43,2,1,1,0,13,1,78.49
1,0,1,1,1,17,1,218,1,1,1,0,20,1,62.54
0,1,1,1,1,6,2,167,1,0,1,0,0,1,81.55
1,1,1,1,1,8,10,64,1,1,1,0,8,1,88.68
1,1,1,0,0,13,11,75,4,1,0,0,11,1,26.35
1,1,1,1,1,2,6,184,0,0,1,0,10,1,79.33
1,1,1,0,1,18,16,95,2,0,1,0,20,1,78.3
1,1,1,0,1,9,21,0,1,1,0,0,18,1,53.52
1,1,1,0,1,5,4,147,0,2,0,0,18,0,53.11
1,1,0,1,1,2,16,20,1,0,0,1,12,0,26.12
1,1,1,0,1,12,3,249,2,0,1,0,19,1,73.37
1,1,1,0,1,7,3,12,3,0,1,0,14,1,74.03
1,1,1,1,1,0,0,25,4,1,1,0,0,1,21.22
1,1,1,0,0,3,0,66,0,0,1,0,19,1,63.82
1,1,0,1,1,11,8,209,1,1,1,0,15,0,70.56
0,1,1,1,1,2,1,96,1,1,1,0,18,1,62.17
1,1,1,1,1,2,13,4,2,1,1,0,4,1,63.0
1,1,1,1,1,0,0,18,2,0,0,0,18,1,21.03
1,0,1,1,1,9,6,35,0,0,1,1,9,1,65.49
1,1,1,1,1,17,2,20,1,1,1,0,15,1,77.91
1,1,1,1,1,0,23,23,1,0,1,0,2,1,69.37
1,1,1,1,1,3,1,66,1,1,1,0,20,1,79.84
1,1,1,1,1,6,3,147,2,1,1,0,16,1,76.66
1,1,1,0,1,5,3,21,1,0,1,0,17,0,88.04
1,0,0,1,1,12,5,241,1,0,0,0,5,1,52.8
1,1,1,0,1,1,2,36,1,1,1,0,3,1,57.34
0,1,1,1,1,0,15,65,2,1,1,1,9,1,20.31
1,1,0,1,1,18,6,3,3,0,1,0,9,0,74.07
1,1,1,1,1,9,7,150,2,1,0,0,8,1,63.81
0,1,1,1,1,54,0,345,2,1,1,0,14,0,43.26
1,1,1,1,0,14,12,12,0,2,0,0,5,0,55.28
0,1,1,1,1,1,7,272,0,2,1,0,2,0,53.02
1,1,1,1,1,1,6,231,2,1,0,0,10,1,36.77
0,1,1,0,1,15,30,3,2,1,1,0,10,1,66.01
1,1,1,1,1,17,15,118,1,0,1,1,15,0,64.59
1,1,1,1,1,11,34,112,0,1,1,0,8,1,92.98
1,1,1,1,0,2,1,61,2,1,1,0,18,1,45.73
1,1,1,0,1,5,11,254,3,2,1,0,15,0,47.36
0,1,1,0,1,26,0,9,3,0,1,0,10,0,42.36
1,1,1,1,1,25,13,36,2,0,1,0,9,1,88.61
1,0,1,1,1,4,9,2,1,0,1,0,1,0,88.19
1,1,1,1,1,17,3,34,1,0,1,1,1,0,65.07
1,1,1,1,1,16,15,70,0,1,1,0,14,1,92.51
0,1,1,0,1,5,6,30,1,1,1,0,12,0,70.86
0,0,1,1,1,3,0,81,3,2,1,0,14,0,36.47
1,1,1,0,1,19,4,23,2,0,1,0,14,0,80.93
1,1,1,1,1,5,6,111,0,0,1,0,17,1,100.0
1,1,1,0,1,12,0,20,1,0,0,0,19,1,47.36
1,1,1,1,1,9,13,135,0,2,1,0,1,0,86.19
1,1,1,1,1,3,7,91,1,1,0,0,5,1,64.89
0,1,1,0,1,0,0,98,0,0,1,0,1,1,32.54
1,1,1,0,1,10,3,30,1,3,1,0,11,1,56.88
1,1,1,1,1,4,3,485,1,0,1,0,11,1,85.5
1,1,1,1,1,12,1,237,2,0,1,0,4,1,75.16
1,1,1,1,1,41,14,58,2,0,1,0,17,1,86.71
1,1,1,1,1,19,10,92,2,0,1,0,3,1,87.28
1,1,1,1,1,2,19,393,1,0,0,0,18,0,48.78
0,0,1,0,1,14,7,0,0,0,1,0,20,1,81.71
0,1,1,1,1,7,0,39,0,0,0,1,20,1,29.67
1,1,1,1,0,5,4,2,2,0,0,0,11,0,58.74
0,1,1,1,1,0,11,270,3,1,1,1,15,0,4.79
1,1,1,0,1,5,0,20,1,1,1,0,0,0,58.47
1,1,0,1,1,3,2,55,1,1,1,0,5,0,68.26
0,1,1,1,1,11,0,53,2,0,1,0,3,1,63.41
1,0,0,1,1,0,0,149,1,0,0,0,20,1,12.4
1,1,1,1,1,19,1,194,0,1,1,0,19,0,77.34
1,1,1,1,1,5,10,27,1,1,1,0,11,0,83.13
1,0,1,1,1,13,3,19,0,0,0,0,6,1,77.59
1,1,0,1,1,13,5,268,2,0,1,0,6,0,72.67
1,1,1,0,1,18,20,141,3,0,1,0,11,1,69.46
1,0,0,1,1,0,2,144,1,1,0,1,3,1,0.0
1,1,1,1,1,8,0,26,3,2,1,0,6,0,50.24
1,1,1,0,1,3,8,47,2,1,1,0,4,1,64.84
1,0,1,1,1,4,2,86,0,1,1,0,20,0,82.14
0,1,1,1,1,24,1,84,0,4,1,1,15,0,29.5
0,1,1,1,1,17,0,74,5,0,1,0,18,1,42.98
1,1,1,1,1,9,3,13,0,0,1,0,20,1,98.3
1,1,1,1,1,5,6,253,2,1,1,0,0,0,77.4
1,1,1,1,1,0,14,79,2,3,1,0,5,0,36.33
1,1,1,1,1,11,6,108,2,0,1,0,19,1,85.12
1,1,0,0,1,6,1,154,0,2,1,1,11,1,24.79
1,1,1,1,0,13,17,273,2,1,1,0,13,1,59.65
1,1,1,1,1,3,1,29,0,0,1,0,0,0,97.33
1,1,1,1,1,17,3,138,0,2,1,0,15,1,84.92
0,1,1,0,1,11,7,220,2,2,1,0,16,1,45.48
0,1,0,1,1,6,6,32,0,2,1,0,2,0,70.06
0,1,1,1,1,1,3,110,0,0,0,0,6,1,57.6
1,1,1,1,0,8,5,63,1,0,1,0,0,1,82.84
1,1,1,1,0,0,3,41,2,1,0,0,19,1,22.91
1,1,1,1,1,18,6,42,2,0,1,0,13,0,93.98
0,1,1,1,1,32,3,114,0,0,1,0,3,0,95.52
1,0,1,1,1,2,3,92,0,0,1,0,4,1,80.45
1,1,1,1,1,8,1,125,1,2,1,0,13,1,72.77
1,0,1,1,1,6,4,44,1,2,1,1,9,1,45.55
1,1,1,1,0,4,0,9,0,1,0,0,9,1,46.63
1,0,1,0,1,0,14,10,3,0,1,0,12,0,43.81
1,1,1,1,1,2,0,77,2,1,1,0,12,0,50.47
1,1,1,1,1,13,0,124,0,1,1,0,10,1,74.84
1,1,1,1,1,0,8,26,2,0,1,1,11,1,34.44
1,1,1,1,1,6,6,166,1,0,1,0,15,0,91.04
1,1,1,1,1,4,1,462,0,2,0,1,8,0,8.52
1,1,1,1,1,4,6,52,6,0,0,1,9,1,20.36
1,1,0,1,0,5,7,251,0,0,1,0,17,1,70.69
1,1,1,1,1,6,8,7,1,0,1,0,10,0,95.3
1,1,1,1,1,0,11,61,4,1,0,0,0,1,22.17
1,1,1,1,1,2,6,40,0,1,1,0,4,1,81.3
1,1,1,1,1,9,7,252,1,0,1,1,15,1,58.96
0,1,1,1,1,5,9,186,2,0,0,0,9,0,56.38
1,1,1,1,1,0,5,70,0,1,1,1,19,1,41.13
1,1,1,1,1,5,3,84,3,0,0,0,1,1,63.79
1,1,1,0,1,3,4,100,2,0,1,0,16,1,70.63
1,1,1,1,1,8,30,30,0,2,1,0,1,1,81.06
1,0,1,1,1,0,7,107,2,0,1,0,10,1,62.22
1,1,1,1,1,10,1,140,0,1,0,0,5,0,64.6
0,0,1,1,1,8,0,35,1,0,0,1,16,1,15.69
1,1,1,1,1,0,0,55,3,1,1,0,12,1,28.68
1,1,1,0,1,8,8,532,1,2,1,0,4,0,52.36
1,1,0,1,0,5,40,162,1,1,1,0,16,1,61.93
1,1,1,0,1,4,10,59,0,0,0,0,9,0,70.37
1,1,1,1,1,5,2,433,2,0,0,0,5,0,44.49
0,1,1,1,1,3,7,45,1,2,1,0,17,1,70.43
1,1,1,1,1,25,0,125,1,0,1,0,2,1,73.18
1,1,1,1,1,7,3,11,1,2,1,0,1,0,76.16
1,1,1,0,1,2,5,99,2,0,0,0,14,0,43.52
0,0,1,1,1,8,12,184,1,2,1,0,0,0,55.38
1,1,1,1,1,10,3,102,2,0,0,0,15,0,68.28
1,1,1,1,1,7,2,11,0,2,1,0,8,1,74.03
1,1,1,0,1,7,7,44,2,1,1,0,19,0,66.63
1,0,1,1,1,27,5,429,1,1,0,0,20,0,47.92
1,1,1,1,1,1,4,340,1,1,1,0,7,1,67.07
1,1,1,0,1,18,1,11,3,2,0,0,6,0,24.95
1,1,1,1,1,2,10,56,0,0,1,1,19,0,57.91
1,1,1,0,1,3,7,32,3,1,0,0,0,1,43.84
1,1,1,1,1,4,6,176,0,1,0,0,14,1,72.61
1,1,1,1,1,0,0,87,1,1,1,0,4,0,41.82
0,1,1,1,1,0,7,121,4,2,0,0,12,1,13.09
1,1,1,0,1,0,1,249,2,1,1,0,0,1,32.28
1,0,1,1,1,0,5,125,0,0,1,0,15,0,70.06
1,1,1,1,1,15,3,48,2,0,1,0,14,1,94.82
1,1,1,1,1,0,5,40,3,0,1,0,19,0,58.01
0,1,1,1,1,1,11,85,3,0,1,0,15,1,62.0
1,1,1,1,1,1,9,72,1,1,1,1,12,1,41.04
1,1,1,1,1,9,0,181,1,0,1,0,2,1,69.48
1,1,1,1,1,41,11,194,1,0,1,0,4,1,85.45
0,1,1,1,1,0,0,20,3,1,1,1,12,0,0.0
1,1,1,1,1,4,3,47,2,2,1,0,5,1,67.51
1,1,1,1,1,5,4,190,3,0,1,0,19,0,75.58
0,1,1,1,1,0,1,69,0,1,1,0,9,0,51.69
1,1,1,1,1,7,1,35,4,1,1,0,2,1,60.12
1,1,1,1,1,14,5,2,0,0,1,1,1,1,72.68
1,1,1,1,1,0,13,66,3,0,1,0,15,1,57.79
1,1,1,1,1,16,0,417,2,3,1,0,11,1,25.15
1,1,1,1,1,9,22,46,3,2,1,0,0,0,64.36
0,0,0,1,1,0,2,98,1,0,1,0,9,1,41.44
1,1,1,1,1,7,11,239,1,0,0,0,11,0,67.28
1,0,1,1,1,1,16,216,3,3,0,0,15,1,18.96
1,1,1,1,1,5,1,129,1,2,1,0,6,1,69.54
1,1,0,1,0,1,6,49,2,1,1,0,3,1,52.14
1,1,1,1,1,32,9,34,0,1,0,0,11,0,70.04
1,1,1,1,1,13,0,473,0,1,1,0,8,1,59.75
0,1,1,1,1,17,2,68,2,2,1,0,7,0,58.26
0,1,1,1,1,5,41,43,4,2,1,0,9,0,55.84
1,1,1,0,1,5,8,103,0,1,0,0,0,1,62.6
1,1,1,1,1,10,2,88,2,0,1,0,4,0,79.8
1,1,1,1,1,3,0,10,0,0,1,0,14,1,78.65
1,1,1,0,1,2,17,77,0,0,1,0,17,1,71.99
1,1,1,0,1,7,4,0,0,2,1,0,10,0,76.34
0,1,1,1,1,9,6,179,1,0,0,0,12,1,68.35
1,1,1,0,1,12,2,197,1,0,1,0,10,1,70.08
0,1,0,1,1,12,8,213,1,1,1,0,4,1,72.72
1,1,1,0,1,9,17,5,1,0,1,0,20,0,81.17
1,1,0,1,1,1,7,114,0,0,1,0,18,1,80.37
1,0,1,1,1,5,9,166,2,1,1,0,20,0,70.89
1,1,1,1,1,3,0,104,3,1,1,0,6,0,59.29
1,1,1,1,0,27,4,86,2,0,0,1,0,1,28.99
0,1,1,1,1,19,1,61,4,0,1,1,16,0,31.3
1,1,1,1,1,2,9,80,0,0,0,0,5,0,67.48
1,1,1,1,1,6,18,179,1,1,1,0,16,0,85.56
1,1,1,0,1,32,5,80,1,0,0,0,8,0,63.61
1,1,1,0,1,10,1,21,0,1,1,1,7,0,42.33
0,1,1,1,1,1,0,28,2,1,1,0,3,0,45.67
1,1,1,1,1,3,4,11,1,1,1,0,5,0,88.43
1,1,1,1,1,1,3,96,0,0,1,0,11,0,88.05
1,0,1,0,1,14,8,7,1,4,1,0,4,0,49.89
1,0,1,1,1,15,6,98,0,1,0,0,9,0,60.52
1,1,1,1,1,2,3,329,0,0,1,0,5,0,80.34
1,1,1,1,1,4,11,27,3,3,1,0,7,0,59.28
1,0,1,1,1,3,0,44,0,0,0,0,3,1,57.6
0,1,1,1,1,0,1,16,1,1,1,0,1,1,50.86
1,1,1,0,1,5,0,221,1,3,1,0,13,0,33.39
1,1,1,1,1,5,18,78,1,1,1,0,18,0,89.73
1,1,0,1,1,1,2,53,0,2,1,0,16,0,55.23
0,1,0,1,0,6,8,281,3,0,1,0,16,1,52.37
1,1,1,1,1,0,4,172,2,0,0,0,6,0,40.62
0,1,1,1,1,0,8,222,2,0,1,0,11,0,46.2
1,0,1,1,1,13,3,120,0,0,0,0,3,1,72.03
1,1,1,1,1,2,1,111,0,0,1,0,20,1,77.54
1,1,1,0,1,2,21,97,4,3,1,0,7,0,33.48
1,1,1,1,1,2,0,398,1,1,0,0,18,1,20.26
1,1,0,1,1,3,18,389,3,0,1,0,0,1,53.19
1,1,1,1,1,19,0,71,1,3,1,0,13,1,47.04
0,1,0,1,1,3,6,14,1,1,1,0,14,0,70.68
1,1,1,0,1,4,1,54,1,2,1,1,6,1,30.11
0,1,0,1,1,6,14,51,0,1,0,0,8,1,56.29
0,1,1,1,1,6,4,96,2,2,1,0,6,1,65.82
1,1,1,0,1,25,13,94,0,1,0,0,11,0,56.35
0,1,1,1,1,2,3,342,0,0,1,0,17,1,78.02
1,1,0,1,1,10,0,242,2,1,0,0,18,1,23.84
0,1,0,1,1,5,0,18,1,1,1,0,3,0,53.69
1,1,1,1,0,1,15,243,0,0,1,0,18,0,69.74
1,0,1,1,1,12,1,232,2,2,0,0,1,1,26.13
1,0,1,0,0,8,1,6,1,0,1,0,0,0,57.36
1,1,1,1,1,16,5,124,2,1,1,0,15,1,80.21
1,0,1,1,1,11,2,147,2,1,1,0,3,1,58.57
1,1,1,0,1,2,8,312,1,2,1,0,13,1,45.93
1,1,1,0,1,10,1,151,1,0,1,1,7,1,41.77
0,1,1,0,1,0,3,173,1,2,1,1,8,0,6.68
1,1,1,1,1,2,17,181,0,1,1,0,17,0,73.83
1,1,1,1,1,6,3,0,5,0,1,0,7,0,68.56
1,1,1,1,1,0,21,89,1,1,1,0,6,0,65.89
1,1,1,1,1,1,0,807,1,0,1,1,5,0,13.59
1,1,1,1,1,3,0,209,1,0,1,0,13,1,63.85
1,1,1,1,1,5,2,23,2,0,1,0,0,0,78.54
1,1,1,0,1,1,4,54,1,2,1,1,3,0,19.35
1,0,1,0,1,23,13,85,1,0,1,0,4,0,78.76
1,1,1,1,1,0,1,141,0,4,1,1,17,1,14.51
1,1,1,1,1,0,0,72,4,1,1,0,6,1,20.83
1,1,0,0,1,8,9,31,2,0,1,0,12,0,69.05
1,1,1,0,1,4,9,27,3,0,1,0,20,0,76.15
1,1,1,1,1,0,2,27,2,1,1,0,16,1,44.96
0,1,1,1,1,8,1,44,2,2,0,0,16,1,38.12
0,1,1,1,1,4,7,34,1,0,1,0,0,0,85.34
0,1,0,1,1,4,6,110,3,0,1,1,18,0,41.28
1,0,1,0,1,1,3,372,3,0,1,0,11,0,43.66
1,1,1,1,1,23,8,5,0,1,1,0,16,0,90.93
1,0,1,1,1,12,1,602,0,0,0,0,17,0,45.84
1,1,1,1,1,32,11,98,3,0,0,0,14,0,59.64
1,1,0,1,1,1,4,44,4,0,1,0,14,1,56.68
1,1,0,1,1,1,3,416,1,0,1,0,6,1,64.28
1,1,0,0,1,15,0,53,2,0,1,0,13,1,48.64
1,1,1,1,1,9,3,215,1,1,1,0,16,0,78.27
1,1,1,1,1,6,6,38,2,2,1,0,2,1,74.26
1,1,1,0,1,6,5,21,1,1,0,0,12,0,55.62
0,1,0,1,1,5,0,15,1,0,1,0,19,0,61.67
1,1,1,1,1,10,19,69,0,2,1,0,18,0,82.41
1,1,1,1,0,1,1,117,1,1,1,0,17,1,58.41
1,1,1,0,1,11,0,209,1,1,1,1,15,1,21.63
1,1,1,1,1,7,0,135,2,1,0,0,5,0,38.48
0,1,1,1,1,5,4,28,1,1,1,0,0,1,84.36
1,1,1,1,1,16,2,45,0,0,1,0,9,0,92.49
1,0,0,1,1,0,12,195,2,1,0,0,6,1,15.76
1,1,1,0,1,3,5,145,0,1,1,0,6,0,79.88
1,1,1,1,1,4,11,53,1,1,1,0,17,0,81.61
1,1,0,0,1,6,10,44,3,0,1,1,18,0,32.86
1,1,1,1,1,0,3,46,3,0,1,0,9,1,58.52
0,1,1,1,1,0,9,59,1,0,0,0,14,1,43.94
1,1,1,1,1,7,6,41,0,1,0,0,5,0,69.7
0,1,1,1,1,7,0,5,3,0,1,0,17,1,54.72
1,0,1,1,1,15,22,70,1,0,1,0,3,1,88.61
0,0,1,1,1,45,5,195,1,0,1,0,4,1,71.77
0,1,1,0,1,4,2,181,2,0,1,0,4,0,59.92
1,1,1,1,1,7,6,278,1,1,1,1,16,0,48.43
1,1,1,1,1,3,4,174,0,0,1,0,19,1,94.32
1,1,1,1,1,6,0,369,3,1,1,0,10,1,38.52
1,1,1,0,1,2,3,24,2,0,1,0,9,0,67.22
1,1,1,0,1,4,6,95,3,1,1,0,10,1,61.29
1,1,1,1,1,2,4,479,2,1,0,0,10,0,37.49
1,1,1,1,1,8,4,78,3,0,1,0,11,0,84.31
0,1,1,1,1,1,2,414,0,1,1,0,15,1,51.78
1,1,1,0,1,5,3,87,1,0,1,0,14,1,84.73
1,1,1,0,1,6,1,91,1,1,1,1,4,1,41.17
1,1,1,1,1,7,3,54,1,2,0,0,14,0,57.76
1,1,1,1,1,2,4,49,0,0,1,0,14,0,81.85
0,1,0,0,1,6,1,35,2,3,1,0,0,1,35.84
1,1,1,1,1,2,2,89,1,2,1,0,1,1,57.86
1,1,1,1,1,13,0,38,0,1,0,1,20,1,26.36
1,1,1,1,1,29,0,199,1,1,1,0,18,1,56.62
0,1,1,1,1,7,14,2,4,0,1,0,10,0,69.98
1,0,1,1,1,17,11,294,1,2,0,0,13,0,46.23
0,0,1,1,1,37,13,132,0,0,1,0,4,0,88.5
1,1,1,1,1,11,0,129,0,1,1,0,17,0,70.32
1,1,1,1,1,0,5,207,2,0,1,0,16,1,54.25
0,1,1,1,1,16,6,209,4,0,1,0,13,0,59.16
1,1,1,1,0,9,4,216,3,2,1,1,16,0,14.63
1,1,1,0,1,11,3,38,2,1,1,0,10,0,69.15
1,1,1,1,1,3,16,175,3,0,1,0,4,0,80.11
1,1,1,0,1,12,2,107,1,0,1,0,10,0,76.96
0,0,1,1,1,11,9,38,2,1,0,0,0,1,46.05
1,0,1,0,1,11,0,52,1,2,0,1,17,1,0.0
0,1,1,1,1,2,1,157,1,2,1,1,19,0,20.62
1,0,1,1,1,9,16,154,4,3,1,0,16,0,42.98
1,1,1,1,1,1,24,31,1,1,1,0,9,0,71.34
0,1,0,1,1,11,4,90,2,0,1,0,0,1,78.95
1,1,1,1,1,4,1,137,7,2,1,0,13,1,47.94
1,1,1,1,1,12,7,2,0,0,1,0,13,0,97.2
1,1,1,0,1,1,0,91,0,1,1,0,16,1,46.93
1,1,1,0,1,5,13,130,1,1,1,0,18,1,75.75
1,1,1,0,1,2,4,78,1,0,1,0,1,0,66.88
1,1,1,1,1,2,0,79,2,1,0,0,0,0,25.6
0,1,1,1,1,9,6,159,0,1,1,0,4,1,86.95
0,1,1,1,1,5,28,80,0,2,1,0,14,0,80.19
1,1,1,1,1,9,13,166,3,1,1,0,12,0,74.32
1,1,0,0,1,0,10,81,0,0,1,0,12,1,58.2
1,1,1,0,1,6,6,12,2,0,1,0,9,0,75.78
